,text,user
0,"Iranโs anti-Israel operation redefined regional balance of power: FM

https://t.co/NLAe7VpytV",PressTV
1,"Australia police arrest man after reports of stabbing in western Sydney

https://t.co/QcQENgjpf9",PressTV
2,"US House under pressure to urgently act on โwar-timeโ aid for Israel

https://t.co/UA38cR7jNE",PressTV
3,"Israel will receive 'reciprocal, extensive' response if continues adventurism: Iran foreign minister

https://t.co/Bw4pzYeJH0",PressTV
4,"RT @PalHighlight: Viral footage shows Zionist settlers attacking Khirbat Al-Tawil near Aqraba, southeast of Nablus. https://t.co/A7vCTNFC48",PressTV
5,"Aid groups warn of looming famine in Sudan

https://t.co/uRtiGbz6Kf",PressTV
6,"โ๏ธ Conversation -Iran's retaliatory military action against Israel contributes to global peace: Analyst

https://t.co/ouDvcdh75X",PressTV
7,RT @PTVBreaking1: Hamas condemns Zionist entity for mass-burial of civilians in courtyards of Shifa hospital in Gaza https://t.co/qxhJzyG7kf,PressTV
8,RT @PTVBreaking1: Hezbollah forces target Zionist military positions in occupied Lebanese hills of Kfar Shuba with rockets https://t.co/LGPโฆ,PressTV
9,"RT @PTVBreaking1: Palestinian Red Crescent: Zionist settlers murder 2 people in Aqrabah village, occupied West Bank https://t.co/unLYWPRLwM",PressTV
10,"RT @PalHighlight: Pro-Palestine activists in Lyon, France dyed a fountain red to protest the deaths of children in Gaza and call on the govโฆ",PressTV
11,"RT @PresstvExtra: More than 125,000 people have been displaced as floods engulfed swathes of northern Kazakhstan and Russia's Urals region.โฆ",PressTV
12,"""It's nothing more than lip service""

@mikopeled says despite popular demand in the US for a ceasefire in Gaza, the US president only pays lip service to those demands.

@OutWithGalloway https://t.co/Rk77Yu1GuD",PressTV
13,Iran's retaliatory strikes against Israel cement its position as a regional power https://t.co/mwav4nk72A,PressTV
14,"RT @PalHighlight: New mass grave was uncovered at Gaza's Al-Shifa Medical Complex, containing decomposed bodies of Palestinian martyrs buriโฆ",PressTV
15,"Foreign Minister Hossein Amir-Abdollahian stated that the UN's failure to condemn the Israeli regime's deadly attack on Iran's diplomatic premises in Damascus on April 1 led Iran to punish Tel Aviv.

https://t.co/SBdXtL2d4j https://t.co/pwWJuSgGFx",PressTV
16,Newly released footage shows when Iran launched dozens of Shahed drones against occupied territories in Operation True Promise https://t.co/1kddWZSjRe,PressTV
17,"The Iranian Army Chief Commander Major General Abdolrahim Mousavi says the country will not hesitate to give a โstormy and unifiedโ response to any act of aggression against it.

https://t.co/riJFrTsXIC https://t.co/9OLVRnFh5j",PressTV
18,RT @PTVBreaking1: Zionist regime military confirms at least 4 troopers injured in Tel Ismail area close to Lebanese border https://t.co/eUnโฆ,PressTV
19,RT @PalHighlight: Thousands of pro-Palestine demonstrators held a rally in Canada's Edmonton to demand an arms embargo on Israel and call fโฆ,PressTV
20,"Israel continues to block aid deliveries into famine-stricken Gaza: Rights group

https://t.co/DwnCmYfXL0",PressTV
21,Watch: Video shows the moment Iran fired numerous cruise missiles against occupied territories in Operation True Promise https://t.co/a9meHa7mAr,PressTV
22,"Iranโs retaliatory attack against Israel โnecessary, appropriateโ: FM spokesman

https://t.co/O9JaPcH9A5",PressTV
23,"El-Fasher clashes raise concerns of expanding conflict in Sudanโs Darfur

https://t.co/QCwMnIPYcF",PressTV
24,"'Ten times stronger': Iran warns Israel of much harsher response if evil actions continue

https://t.co/Iy6ryZSHBv",PressTV
25,"'The sense of security is gone' for Israel.
 
@S_Mahendrarajah says that if Israel escalates with Iran, Iran will launch waves of missiles toward occupied Palestine, potentially causing Israel to exhaust their supply of intercept missiles. https://t.co/U5lFM3Tm1S",PressTV
26,"RT @PTVBreaking1: Hezbollah says killed, injured several Israeli forces near Lebanon's southern border. https://t.co/G5V399hm8K",PressTV
27,RT @PalHighlight: Jewish protesters burn the Israeli flag to denounce the regime's months-long genocide of tens of thousands of Palestinianโฆ,PressTV
28,"RT @PalHighlight: It is not just Gaza, Palestinians are massacred everywhere!

Palestinian youth Yazan Shtayyeh was shot dead by Israeli soโฆ",PressTV
29,"RT @PTVBreaking1: Police: Man arrested after reports of ""a number of people"" stabbed in Western Sydney. https://t.co/X1mIhLNcta",PressTV
30,"โ๏ธ Feature - Heroic and brave: World lauds Islamic Republic of Iran for teaching Israel a lesson

By @HumairaAhad_83 

https://t.co/4kSzI5Yb8a",PressTV
31,"RT @PresstvExtra: UK Foreign Secretary David Cameron: Iran attacking Israel was ""reckless""

Journalist: What would Britain do if our consulโฆ",PressTV
32,"Iran's operation against Israel showed the regime and its allies that Tehran possesses a viable deterrence, and it will strike those who strike Iran, says @RealScottRitter. https://t.co/4n4mnMXUAi",PressTV
33,"RT @PalHighlight: Malak Mohammed Haniyeh, granddaughter of the head of Hamas political bureau, Ismail Haniyeh, has succumbed to her injurieโฆ",PressTV
34,"All the hypersonic missiles used in Iran's punitive strikes against Israel have hit their targets after evading the regime's air defense systems, Press TV reports.

Read more: 
https://t.co/t0c68ub41S https://t.co/8WbTfgEYN8",PressTV
35,"RT @PTVBreaking1: Gaza health ministry: 68 Palestinians killed, 94 injured in Israeli strikes in past 24 hours.

#GazaGenocide https://t.coโฆ",PressTV
36,"Pakistanis celebrate Iran's retaliatory strikes on Israel, voice solidarity with Gaza

Press TV's Muhammad Toori reports from Karachi

Follow us on Telegram: https://t.co/GKZwI4ehqL https://t.co/6p6f39Lzik",PressTV
37,"RT @PTVBreaking1: Two killed following Israeli bombing of a group of Palestinians in Nuseirat refugee camp, central Gaza.

#GazaGenocide htโฆ",PressTV
38,"RT @PTVBreaking1: Another grandchild of Hamas political bureau chief who was in intensive care unit, dies in Gaza.

#GazaGenocide https://tโฆ",PressTV
39,"โ๏ธ Viewpoint - Iran's historic operation against Israel rooted in Palestine's freedom struggle

By @ijassat

https://t.co/21mFjFF1mj",PressTV
40,"Israel โmain source of insecurityโ in West Asia: Iranโs foreign minister

https://t.co/KZUqrqGJzPโฆ",PressTV
41,RT @PTVBreaking1: Iran's Foreign Ministry Spksmn: Tehran move to hit Israeli targets in line with its right to self-defense https://t.co/Uuโฆ,PressTV
42,"Era of strategic patience 'over'; Israel's war between wars defeated: Raeisi's deputy 

https://t.co/3BEWgq4033",PressTV
43,Iran's Foreign Ministry Spksmn: Tehran move to hit Israeli targets in line with its right to self-defense https://t.co/yhUHsPUVhH,PressTV
44,"Press TV exclusive: All hypersonic missiles used in Iran's strikes against Israel hit targets

https://t.co/t0c68ub41S",PressTV
45,"Footage shows maneuverability of an Iranian missile used in True Promise operation and its ability to evade Israeli air defense system. 

#OperationTruePromise https://t.co/VitCkCuLxQ",PressTV
46,RT @PTVBreaking1: Press TV exclusive: All hypersonic missiles fired by Iran hit their targets after evading Israeli air defense systems. htโฆ,PressTV
47,"RT @PalHighlight: Significant quantities of corpses of Palestinian civilians executed by Israeli forces in Beit Lahiya, north of Gaza, haveโฆ",PressTV
48,"RT @PressTV: Iran had no choice but to punish Israel: FM

https://t.co/SBdXtL2d4j",PressTV
49,"French pro-Palestine demo applauds Iranโs missile retaliation on Israel

@RaminMazaheri2 reports from Paris.

Part 2

Follow Press TV on Telegram: https://t.co/B3zXG73Jym https://t.co/mARLar9PTV",PressTV
50,"French pro-Palestine demo applauds Iranโs missile retaliation on Israel

@RaminMazaheri2 reports from Paris.

Part 1 

Follow Press TV on Telegram: https://t.co/B3zXG73Jym https://t.co/xFH81J6rns",PressTV
51,"Russia: UN meeting on Iran retaliation โdisplay of hypocrisyโ

https://t.co/r8rqEHFkXf",PressTV
52,RT @PressTV: True Promise: Iran's historic retaliatory operation against Israeli positions https://t.co/1heola3RCp,PressTV
53,"Yemenis endorse Iran's retaliatory attack on Israel

@Latif_washali reports from Sana'a. https://t.co/BSvRqoLetu",PressTV
54,"Pakistanis hail Iran's strikes on Israel

@mrshah79 reports from Islamabad.

Follow Press TV on Telegram: https://t.co/B3zXG73Jym https://t.co/03qMk6Er21",PressTV
55,"Iran warns US against initiating military action

https://t.co/cZIqcNl9KY",PressTV
56,RT @PalHighlight: Footage shows the moment when Israeli settlers set fire to a Palestinian vehicle in the occupied West Bank city of Ramallโฆ,PressTV
57,"RT @PresstvExtra: 19 dead, two missing after Indonesia landslide

At least 19 people have been found dead and two more are missing after aโฆ",PressTV
58,"Protesters demand Britain stops arming Israel

@aminataylor reports from London.

Part 2

Follow Press TV on Telegram: https://t.co/B3zXG73Jym https://t.co/1BPbQZVQUd",PressTV
59,"Protesters demand Britain stops arming Israel

@aminataylor reports from London. 

Part 1 

Follow Press TV on Telegram: https://t.co/B3zXG73Jym https://t.co/5OLWc6Ab00",PressTV
60,"Iran had no choice but to punish Israel: FM

https://t.co/SBdXtL2d4j",PressTV
61,"Pro-Palestine demonstrations held across Italy

Max Civili reports from Rome.

Follow Press TV on Telegram: https://t.co/B3zXG73Jym https://t.co/MQiz2TxWtH",PressTV
62,"Iran has launched its much-anticipated retaliatory attack against positions in the Israeli-occupied territories, drawing worldwide reactions.

 A group of political analysts and university professors from Baghdad have stressed Iran's legitimate right of self-defense. https://t.co/7EpLOsI5Tb",PressTV
63,"People in different parts of the occupied West Bank have celebrated Iranโs retaliatory attack on Israel. 

Press TV's correspondent in Ramallah has talked to several Palestinians about Iran's move. https://t.co/33K2WBEfX4",PressTV
64,RT @PalHighlight: Palestinians across Gaza celebrate Iranโs retaliatory operation โTrue Promiseโ against the Israeli regime as Iranian missโฆ,PressTV
65,"Iranโs President Ebrahim Raeisi has reacted to the recent Iranian strikes against Israel, praising the Iranian Revolution Guards Corps for carrying out drone and missile attacks against the regime. https://t.co/Z5jwwyJ80w",PressTV
66,"Iran, Russian foreign ministers warn against further escalation in region

https://t.co/xjUgTMCzjj",PressTV
67,"Demonstrators recall at pro-Palestine protest in Berlin

@ReinischDieter reports from Berlin.

Follow Press TV on Telegram: https://t.co/B3zXG73Jym https://t.co/NuFhnyqtPg",PressTV
68,"Hezbollah, Islamic Jihad hail Iranโs retaliatory strikes on occupied territories

https://t.co/gzwBeoQzzt",PressTV
69,RT @PalHighlight: Hundreds of protesters march in Amsterdam for Gaza ceasefire https://t.co/lC78bIgOYc,PressTV
70,"Explainer: How did Iranโs retaliatory military action against Zionist entity unfold?

By Ivan Kesic

https://t.co/XT00qm9EEe https://t.co/tUkI11lxQv",PressTV
71,UNSC holding emergency meeting at request of Israel following Iran's strike https://t.co/UMxoWLBlj0,PressTV
72,"RT @PresstvExtra: 12 dead, including 9 students in Oman flash floods https://t.co/5fGGz6MKUY",PressTV
73,RT @PalHighlight: Hundreds of demonstrators rallied in Paris to demand an immediate ceasefire in the Gaza Strip and an end to arms suppliesโฆ,PressTV
74,UNSC holding emergency meeting at request of Israel following Iran's strike https://t.co/kG3XWccd0w,PressTV
75,"Iran launched a barrage of long-range missiles and drones late on Saturday targeting military sites in the occupied territories in response to the regimeโs recent terrorist attack on the Iranian consulate in Syria.

https://t.co/GoB04K3nE3 https://t.co/d7OCVB7Gjb",PressTV
76,"RT @PresstvExtra: Drone footage captures flooded neighborhoods of Petropavlovsk in Kazakhstan

Follow Press TV on Telegram: https://t.co/0Eโฆ",PressTV
77,"Iran attacks on Israel unmasked โlatecomer crusadersโ: Leaderโs aide

https://t.co/1RUa4vdhrQ",PressTV
78,UNSC emergency meeting underway at request of Israel following Iran's strike https://t.co/nX4IknVZIm,PressTV
79,RT @PalHighlight: Pro-Palestine rally held in Berlin https://t.co/WJ0UdFmvYL,PressTV
80,"Shortly before midnight Sunday, Iranยlaunched a swarm of suicide drones and missiles at the occupied Palestinian territories in response to the Zionist regimeโs cowardly strike on Iranโs consulate in Damascus on April 1.

By @abolishnato

https://t.co/Onb2E9kwGJ https://t.co/98Ofnuxgpx",PressTV
81,"Any military aggression will prompt more defensive measures: Iran Foreign Ministry

https://t.co/m2cb1v3ixW",PressTV
82,"Watch this edition of Explainer to find out how the Iranian retaliatory operation against Israel was executed with hundreds of drones and missiles, breaking through the regimeโs multi-layered air defense, and how it will affect the region. 

#Explainer 
https://t.co/exn2Uez5mM",PressTV
83,True Promise: Iran's historic retaliatory operation against Israeli positions https://t.co/1heola3RCp,PressTV
84,"Israeli army shells hundreds of displaced Palestinians in Gaza

#GazaGenocide 
https://t.co/06f4rHiQD4",PressTV
85,"RT @highlightsnews1: .@eshaLegal points out that, unlike Israel and the US, Iran's retaliatory attack specifically targeted Israeli militarโฆ",PressTV
86,"RT @PalHighlight: Footage shows Israeli forces opening fire on displaced Palestinians trying to return to their homes in northern Gaza.
 
#โฆ",PressTV
87,"Iran air defense to deliver 'deadly, fiery' response to any aggression: Commander

https://t.co/iyEwunZNwZ",PressTV
88,"Iran's retaliatory strikes on Israel changed regionโs equations: Yemenโs Supreme Political Council

https://t.co/ZZrrGyvLtq",PressTV
89,RT @PalHighlight: Thousands took to Berlin's streets to protest in support of Palestine two days after Berlin police shut down the Palestinโฆ,PressTV
90,"Iranian Foreign Minister Hossein Amir-Abdollahian says the Islamic Republicโs retaliatory strikes on the Israel-occupied territories were โlimitedโ and that no non-military sites were targeted in the operation. 
https://t.co/0bOZjVhxlK https://t.co/UbgKbbvEn1",PressTV
91,Iranians take to streets to reiterate support for armed forces in face of Zionist regime atrocities https://t.co/nLV0j0D63p,PressTV
92,RT @PTVBreaking1: Syrian FM describes Iranโs response to Israeli regime as legitimate in phone call with Iranian counterpart https://t.co/2โฆ,PressTV
93,"RT @PalHighlight: Pro-Palestine activists in Ireland show solidarity with Palestinians

#WeAreAllGaza https://t.co/nv7M0K2cWV",PressTV
94,RT @highlightsnews1: .@Tracking_Power highlights the invaluable confidence gained from witnessing Iranian missiles successfully evade Israeโฆ,PressTV
95,"The Iranian Foreign Ministry has summoned the ambassadors of Britain, France, and Germany to question their ""irresponsible stance"" regarding the Islamic Republicโs retaliatory strikes on the occupied territories. 
https://t.co/FNmkwZAg7g https://t.co/5l5vpC64M9",PressTV
96,RT @PTVBreaking1: Lebanese resistance Hezbollah congratulates Iranโs unprecedented response to oppressive Zionists https://t.co/mHLdeY22gW,PressTV
97,RT @PalHighlight: Thousands of displaced Palestinians in southern Gaza tried to return to their homes in northern Gaza before being targeteโฆ,PressTV
98,Iran has launched โextensiveโ retaliatory missile and drone strikes against the occupied territories in response to the Israeli regimeโs terrorist attack of April 1 against the Islamic Republicโs diplomatic premises in the Syrian capital Damascus. https://t.co/SkAYApglB9,PressTV
99,"RT @PalHighlight: Two Palestinian young boys, who had a passion for football, have been killed in the Israeli bombing of Deir al-Balah in tโฆ",PressTV
100,ุฑุณุงูู ุงุณุฑุงุฆู: 80 ูพููพุงุฏ ุฏฺฏุฑ ุฏุฑ ุฑุงู ุงุณุช ู ุธุฑู ฺฉ ุณุงุนุช ุขูุฏู ุจู ูุง ู ุฑุณุฏ,HS_Soleimani
101,ุชูุถุญ: ููู ุขุชุด ุณูุฒ ุฏุฑ ููุจ ุงุดุชุจุงู ุจูุฏ ู ุญุฐู ุดุฏ,HS_Soleimani
102,"#ูฺฉุช 
ุญููู ุงูุดุจ ุตุฑูุง ฺฉ ุนููุงุช ูุญุฏูุฏ ุชูุจู ุจูุฏุ ูู ฺฉ ุฌูฺฏ ุชูุงู ุนุงุฑ",HS_Soleimani
103,ฺฉ ุจุฒูุฏ... ฺูุฏ ุตุฏ ุชุง ู ุฎูุฑุฏ,HS_Soleimani
104,ููุจุน ุขฺฏุงู:  ุนููุงุช ุชูุจู ุฑฺู ุตูููุณุช ูููุฒ ุชูุงู ูุดุฏู ู ุงุฏุงูู ุฏุงุฑุฏ.,HS_Soleimani
105,ุฌุงูุจ ุงูุฌุงุณุช ููุดฺฉ ูุง ุงุตู ุฑู ูุฒุฏู... :),HS_Soleimani
106,RT @MKeshtdar: ุณูุฑ ุจู ุณูุงูุช ุชูุงู ุดุฏ :)))))))))) https://t.co/hmt7jHqvlx,HS_Soleimani
107,ูพุงฺฏุงู ููุง ูุจุฏุฃ ุญููู ุจู ุณูุงุฑุช ุงุฑุงู ุฏุฑ ุฏูุดู ฺฉ ุงุฒ ุงูุฏุงู ุญููู ุงูุดุจ ุจูุฏ ฺฉู ุจุง ููููุช ููุฑุฏ ุงุตุงุจุช ฺูุฏ ููุดฺฉ ุจุงูุณุชฺฉ ูุฑุงุฑ ฺฏุฑูุช,HS_Soleimani
108,@hajati_saeed ุฎุฑ  ุงูุฏุงู ูุธุงู ุจูุฏูุฏ,HS_Soleimani
109,RT @MizanNewsAgency: ุตุญูู ูุง ุงุฒ ูุฑุงุฑ ุดูุฑฺฉโูุดูุงู ุตูููุณุช ูพุณ ุงุฒ ุฑุณุฏู ูพููพุงุฏูุง ุงุฑุงู https://t.co/hLugsBRoXK,HS_Soleimani
110,Clear footage of missile hits... exactly at the designated point https://t.co/lbjUpgo9sT,HS_Soleimani
111,ูุฑูุฏฺฏุงู ุจู ฺฏูุฑู ููุฑุฏ ุงุตุงุจุช ุฏูู ฺูุฏ ููุดฺฉ ุจุงูุณุชฺฉ ูุฑุงุฑ ฺฏุฑูุช,HS_Soleimani
112,ููู ุฏฺฏุฑ ุงุฒ ุงุตุงุจุช ููุดฺฉ ูุง ุจุงูุณุชฺฉ ุจู ุงูุฏุงู ุชุนู ุดุฏู ุฏุฑ ุณุฑุฒูู ูุง ุงุดุบุงู... https://t.co/nMs6X7o64Q,HS_Soleimani
113,ูู ุงฺฉููู ูุฑุญูู ุฏฺฏุฑ ุงุฒ ุญููู ุจู ุณุฑุฒูู ูุง ุงุดุบุงู ุจุง ุดูฺฉ ุฏููุง ููุดฺฉ ุจุงูุณุชฺฉ ุงุฒ ุดูุฑูุง ูุฎุชูู ุฏุฑ ุดูุงูุบุฑุจุ ูุฑฺฉุฒุ ุบุฑุจ ู ุฌููุจ ุบุฑุจ ฺฉุดูุฑ ุฏุฑ ุญุงู ุงุฌุฑุงุณุช,HS_Soleimani
114,ุฏููุง ููุดฺฉ ุงุฑุงู ุจู ุงูุฏุงู ุชุนู ุดุฏู ุฏุฑ ุญูุง ุงุตุงุจุช ฺฉุฑุฏ https://t.co/c54qlsid5s,HS_Soleimani
115,@amir_reza__T ุงุญุชูุงูุง ฺฉ ุฑุจุน,HS_Soleimani
116,ุฏุฑ ุงุฏุงูู ุญููู ฺูุฏ ูุฑุญูู ุง ุงุฑุงูุ ุฏูุงู ูุจู ุฏููุง ููุดฺฉ ุจุงูุณุชฺฉ ุงุฒ ุดูุฑูุง ูุฎุชูู ุจู ุณูุช ุณุฑุฒูู ูุง ุงุดุบุงู ุดูฺฉ ุดุฏ,HS_Soleimani
117,"ุญูู ููุงููุช ุนุฑุงู ุจู ููุฑ ูพุฏุงููุฏ ููุง ุตูููุณุช ูุง ุฏุฑ ุฌููุงู 

ููุงููุช ุงุณูุงู ุนุฑุงู ุฏุฑ ุจุงููโุง ุงุนูุงู ฺฉุฑุฏ  ูพุฏุงููุฏ ููุง ู ููุดฺฉ ุงุณุฑุงุฆู ุฏุฑ ูพุงุฏฺฏุงู ฺฉูุน ุฏุฑ ุฌููุงู ุงุดุบุงู ุฑุง ุจุง ุฏูโูุง ุฑุงฺฉุช ูุฏู ูุฑุงุฑ ุฏุงุฏู ุงุณุช.",HS_Soleimani
118,RT @MashreghNews: ฺฉ ููุจุน ุขฺฏุงู ุฏุฑ ูุฑููุง ูุณูุญ ุจู ูุดุฑู ุฎุจุฑ ุฏุงุฏ: ูุฑููุง ูุธุงู ฺฉุดูุฑูุงู ุจุง ุฏูุช ุชุญุฑฺฉุงุช ุงุฑุฏู ุฏุฑ ุฌุฑุงู ุญููู ุชูุจู ุจู ุฑฺู ุตูููโฆ,HS_Soleimani
119,ุณุงุนุช 1:20  ฺฉุงุจูุณ ุขูุฑฺฉุง ู ุตูููุณุช ูุงุณุช...,HS_Soleimani
120,"ุชุตุงูุฑ ุงุฒ ุฑุณุฏู ุงููู ูพููพุงุฏูุง ุงุฑุงู ุจู ุณุฑุฒูู ูุง ุงุดุบุงู ู ุดูฺฉ ููุดฺฉ ุงุฒ ุฌูฺฏูุฏู ูุง ุฑฺู

  ููุดฺฉ ูุง ูู ุฏุฑ ุฑุงู ูุณุชูุฏ... https://t.co/j5YE7QzR6E",HS_Soleimani
121,RT @MKeshtdar: ุฏูุฑ ุงุฒ ุชู ุจุงุฏุง ุงูุฑููโฆ https://t.co/wrIAlGDTxO,HS_Soleimani
122,"ุจุณู ุงููู 
ุงูุง ูู ุงููุฌุฑูู ููุชููููโฆ https://t.co/SJV8AcVROR",HS_Soleimani
123,"RT @vahabzadeh_ali: ุณู ูพุณุฑ ู ุณู ููู ุงุณูุงุนู ููู ุงูุฑูุฒ ุดูุฏ ุดุฏูุฏ
ู ุชุง ุงูุฑูุฒ ุจุด ุงุฒ ถฐ ููุฑ ุงุฒ ุงุนุถุง ุฎุงููุงุฏูโ ู ูุงูู ุฎูุฏ ุฑุง ุฏุฑ ฺฉูุงุฑ ูุฑุฏู ุบุฒูโฆ",HS_Soleimani
124,"RT @JamaatMohamad: ูุฑูุงูุฏูุงู ูุญุชุฑู ุงูุชุธุงู!
ุขุง ุดุงุณุชู ู ุดุฑุงูุชููุฏุงูู ูุณุช ฺฉู ุจุงุจุช ูุงุชูุงู ู ุจ ุนุฑุถฺฏ ุฏุฑ ุชูู ู ุชุฌูุฒ ุงุฏูุงุช ุฑุฒู ู ูุธุงูุ ุงุณโฆ",HS_Soleimani
125,@HananyaPersian ูุฏู ูุฑุฏู ุงุฑุงู ูู ุจุฒูุฏ ุจู ุฏุณุชุช ูุฑุณู,HS_Soleimani
126,"ูุชุฑุณ ุฌููุฏ.. ุงุฒูู ุดูุงุจโูุง ูุจูุฏ ุงูุดุจุ 
ุดูุงุจ ุณูฺฏ ุจูุฏ :) https://t.co/msbUnZ41td",HS_Soleimani
127,RT @pooriast: ุจุฎุด ุงุฒ ุงูุณุงูโุชุฑู ู ุจุงุดุฑูโุชุฑู ฺฉุงุฑุจุฑุงู ุชูุชุฑ ุฏุฑ ุงู ุชุตูุฑ ูุณุชูุฏุ ุจุง ุจุนุถ ูู ุจู ุดุฏุช ุงุฎุชูุงู ุฏุงุฑู ุงูุง ุณฺฏ ุชู ุฑูุญ ุงุณุฑุงู ู ูุฑุงโฆ,HS_Soleimani
128,@fresh_sadegh https://t.co/knHxjJTaw4,HS_Soleimani
129,@ParvizBagzadeh https://t.co/DgtjIt6nxR,HS_Soleimani
130,"ฺฉ ูุงู ูุจู ุดุจฺฉู ฑด ุงุณุฑุงู ุฏุฑ ฺฏุฒุงุฑุด ูุงู ฺูุงุฑ ูุฑูุงูุฏู ุงุฑุดุฏ ุงุฑุงู ุฑุง ฺฉู ุฏุฑ ุงูููุช ููุฑุณุช ุชุฑูุฑ ุงู ุฑฺู ูุฑุงุฑ ุฏุงุฑูุฏ ุงุนูุงู ฺฉุฑุฏ. 

ฺฉ ุงุฒ ุขููุง ุณุฑุฏุงุฑ ุดูุฏ ุฒุงูุฏ ุจูุฏ ฺฉู ุงูุฑูุฒ ุฏุฑ ุฏูุดู ูุฏู ูุฑุงุฑ ฺฏุฑูุช. https://t.co/eWgxzosJXg",HS_Soleimani
131,RT @MKeshtdar: ุฏุฑูุบ ุณุฒุฏู ุจุฑุง ุดูุง ุฎูุฏู ู ุดูุฎ ูุญุณูุจ ูุดู ุงูุง ุจุฑุง ูุง ฺูุฏ ุณุงุนุช ุฏุฑฺฏุฑ ู ูพฺฏุฑ ุฏุงุฑูุ ูุงูุนุง ุฎุฌุงูุช ุขูุฑู.,HS_Soleimani
132,ุชุง ูุงู ุฎูุฏููู ุฑู ูุงูุน ฺฉูู ฺฉู โุญุงูุง ุงู ููุถูุน ูู ฺุฒ ูฺฏู ุถุฏุงูููุงุจ ุฎูุดุญุงู ุจุดู!โ  ุฏูุณุชุงู ู ฺุฒ ุฏฺฏู ุจุงุฑ ูุฐุงุฑู https://t.co/EpNCUAiIlI,HS_Soleimani
133,RT @MKeshtdar: ุฏุงุฏุณุชุงู ุณุงุฑ: ุดูู ูพุงฺฉ ุชุฑุงุด ุนุฑุตู ุฌูฺฏู ุงููุงูุงุช ุดูุฑุณุชุงู ููุฑ ููุฑุฏ ุชูุงูู ูฺ ุณุงุฒูุงู ูุจูุฏู ุงุณุช. ุนุฑุตู ุฌูฺฏู ุจุงุฏ ุจู ูุถุนุช ุณุงุจูโฆ,HS_Soleimani
134,"ุณุงู ูู ุจุฑ ููู ุฏูุณุชุงู ู ููฺฉุงุฑุงู ูุจุงุฑฺฉ๐น

ูู ู ููุฑุดุงุฏ ุณูู ุณุงู ููุฑุงู ุจุง ููููุช ู ุงุนุชุฏุงู! ุฑุง ุจุฑุงุชุงู ุขุฑุฒูููุฏูโฆ https://t.co/L4nV30XM1Y",HS_Soleimani
135,"RT @hrajaee62: ููฺู ูุง #ุฑุงุฆู_ูพูุฑ ุฑุณูุง ุญุง ุฑูโุฎูุฑุฏู ู ุขุจุฑู ุฑู ู ฺฉุฑุฏู ุงูุฏุ ุงู ูุฑูู ุจ ุดุฑู ุฑู ุจู ฺฉูุงู ุฑุณุงูุฏู ุงูุฏ.
 ูพุฑ ุขูุง ู ุถุฑูุฑุช ูุงฺฏุฐุงโฆ",HS_Soleimani
136,RT @DavariAbdolreza: โผ๏ธุจุฑุฎ ููุงุจุน ุงุฒ ุจุฑฺฉูุงุฑ ุณุฑุฏุงุฑ ุณุนุฏ ูุญูุฏ ุงุฒ ุณูุช ูุดุงูุฑ ูุฑูุงูุฏู ฺฉู ุณูพุงู ู ุจุงุฒูุดุณุชฺฏ ู ุฎุจุฑ ูโุฏููุฏ. ฺฏูุชู ูโุดูุฏ ูุนุงูุชโูุงโฆ,HS_Soleimani
137,RT @MOHTAJOLAH: ุงูุฑูุฒ ุณูููู ุฑูุฒูุณุช ูู ุชุนุฏุงุฏู ุงุฒ ูพุฑุณูู ูููุฏู ูุฌููุนู ุจุฎุงุทุฑ ุนุฏู ุชูุงู ูพุฑุฏุงุฎุช ุญููู ุจู ุขููุง ุ ุฏูููุงู  ูุฒุฏูู ุจู ูพุงูุงู ุณุงู ู ุฏุฑ ุดุฑูโฆ,HS_Soleimani
138,"RT @hssaremi: ูพุณ ุงุฒ ุชูุช ฺฉู ุฏุฑูโ ููุฑุฏ ุฒุฏู ฺฉ ูุณุฆูู ุงูุฑ ุชูุงุณ ฺฏุฑูุช ู ูฺฉุงุช ุฑู ฺฏูุช ุงุฒ ุฌููู ุงูฺฉู:
ฑ- ุจู ุณุฑุงู ููุง ุงูุงูุช ฺฉุฑุฏูุฏ.
ฒ-โ ุฏุฑ ุงุซุฑ ุญูโฆ",HS_Soleimani
139,@hssaremi ุจุงุฒ ุงู ูุง ู ุฏุฑุตุฏ ุจุดุชุฑ ููุด ุฏุงุฑู ู ู ุชูุงุด ูฺฉูู. https://t.co/K4rJDTRODj,HS_Soleimani
140,"ยซุงูุจุงุฑ ุจุฎุงุทุฑ ฺฏู ุฑู ุขูุงยปุ!! 

ูุฑฺู ูุง ุฏุฑ ุขู ุชุญูู ุณุน ฺฉุฑุฏู ุจุฑุง ูุฑุฏู ุชูุถุญ ุจุฏูู ุฏุฑ ููู ูู ุฌููู ุจู ุจูุชุฑู ุดฺฉู ุฎูุงุตู ุดุฏู

ุงุฒ ุฑุงู ูุฑุณุฏู ฺฉุงุฑุช ุฒุฑุฏ ฺฏุฑูุชูโุงูุฏ ู ุจุฑ ุณุฑ ุขูุง ููุช ูู ูโฺฏุฐุงุฑูุฏ. https://t.co/I8e0Ul5wiM",HS_Soleimani
141,RT @MKeshtdar: ูฺ ููุชโ ุจุฑูุฏู ุงู ุฏุนูุงูุง ูุตุฑูโฺฉููุฏูโ ูุจูุฏู. https://t.co/nx7SSqWvDy,HS_Soleimani
142,"RT @Tasnimnews_Fa: ๐ฝ๏ธ  ุฎูุฏุฒู ุตุฏุงูุณูุง ุจุฑุง ูุฌุงุช ุฑุณุง

ุงูุฏุงู ูุณุชูู ุนูู ุจุงูุงุช ุฑูุจุฑ ุงูููุงุจ

ุตุฏุงูุณูุง ุจุฑุง ุชุทูุฑ ุญูุฏ ุฑุณุง ุงุฒ ุจุฏุงุฎูุงูุ ุดโฆ",HS_Soleimani
143,"RT @peimanmc: ฺุฑุง ุตุฏุงูุณูุง ุงูุชุญุงุฑ ุฒุฏุ ุดุจฺฉู ุฎุจุฑ ฺู ูุงู ุฑุง ูุฎูุงุณุช ุงุฒ ุฒุจุงู ุฑุณุง ุจุฑูู ุจฺฉุดุฏุ

ุจุฑูุงูู ุฌูุฌุงู ุดุจ ฺฏุฐุดุชู ุดุจฺฉู ุฎุจุฑ ุจุง ุญุถูุฑ ุขูุงโฆ",HS_Soleimani
144,RT @Moh4mmd: ูุฌุฑ ุง ฺฉู ุฏุฑ ุจุฒูฺฏุงู ุณุงู ูุจู ุนูู ูุธุงู ูุฌูู ูุงุฑุฏ ฺฉุฑุฏูุ ุจุฏูู ุงูฺฉู ุนุฐุฑุฎูุงู ฺฉููโ ุง ูพุณุช ูุฑุจูุทู ุฑู ุงุฒ ุตูุญู ุงุด ูพุงฺฉ ฺฉูู ุจุนููุงู ูุฌุฑโฆ,HS_Soleimani
145,"RT @PeymanMahoor: ุขูุง ุตุฏุงูุณูุงุ ุขูุงุงู ููุงูุฏู ! ุขุฏู ุจุงุดุฏ!

ูุฑ ูุฑุฏ ู ุฌุฑุงู ุฏุฑโูุฑุฌุงฺฏุงู ูุฑฺฉุณ ฺฉู ูุฎูุงูุฏ ุจุงุดุฏุ ุงฺฏุฑ ุงุทุงุนุช ุงุฒ ูู ุฑุง ุจูุฏ ูุจโฆ",HS_Soleimani
146,"ุดุงูุฏ ฺฉ ุงุฒ ุณุฑุน ุชุฑู ุชุฐฺฉุฑุงุช ูพุดุช ุจููุฏฺฏู ุจู ููุชุฎุจุงู ุฌุฏุฏ ูุฌูุณ ุจูุฏู... 

ุฎุทุฑ ุชูุฏุฑูุ ุชูุฎ ฺฉุฑุฏู ฺฉุงู ููุช ู ูุฒููโุชุฑุงุด ุฏุงุฎู ู ุจู ุงูููู ุจู ุญุฏ ุงุณุช ฺฉู ุฑูุจุฑ ุจูุงูุงุตูู ุจุนุฏ ุงุฒ ุงูุชุฎุงุจุงุช ุชุฐฺฉุฑ ุนูู ุฏุงุฏูุฏ https://t.co/SpMIAIEJLj",HS_Soleimani
147,RT @MOHTAJOLAH: ุงูููู ุฎุงูู ุชุงุฑูุฎู ุงูุฑุงู ูู ูุฑูุช ู ุชุจุฏูู ุจู ูุชู ฺฏุฑุฏูุฏ ู ูุฏูุชู ูุฒุฏูู ุจู ฺูุงุฑ ูุฑู ุฏุงุฑุฏ. ูุฑฺูุฏ ูู ูุณุฆููุงู ูุฏุฑูุงุดูุงุณ ุจูุฏูุฏูููฺูุงโฆ,HS_Soleimani
148,"RT @smahmoodrazavi: @DavariAbdolreza @mb_ghalibaf ๐ดุฌูุงุจ ุขูุง ุฏฺฉุชุฑ ุฏุงูุฑ ุ ุดูุง ุจุงูุฑ ูฺฉูุฏ.
ุงู ุฎุจุฑ ุดุงุนูโุณุงุฒ ู ุนููุงุช ุฑูุงู ุทุฑุงุญ ุดุฏู ุชูุณุทโฆ",HS_Soleimani
149,"RT @vahabzadeh_ali: ฺฉ ุงุฒ ุจูุงุฑุณุชุงูโูุง ุฎุตูุต ุชูุฑุงู ุงุฒ ฺฉ ุงุฒ ุจุงูฺฉูุง ูุดูุฏ! 
ตฐฐ ููุงุฑุฏ ุชููุงู ูุงู ฒฐฐ ูููู ุจู ูุงู ูพุฑุณูู ู ุฎุงููุงุฏูโูุงโฆ",HS_Soleimani
150,RT @HS_Soleimani: @pooriast ๐๐ ุจู ุนุตุฑ ุฎุจูุฏุงู ุฎูุด ุขูุฏุฏ,HS_Soleimani
151,@pooriast ๐๐ ุจู ุนุตุฑ ุฎุจูุฏุงู ุฎูุด ุขูุฏุฏ,HS_Soleimani
152,RT @mb_ghalibaf: ุงุฒ ุชูุงู ฺฉุณุงู ฺฉู ุชุง ุงู ูุญุธู ุจู ุจูุฏู ู ูุณุช ุงุตู ุฌุจููู ุงูููุงุจ ุงุนุชูุงุฏ ุฏุงุดุชูโ ู ุฑุง ุฏุงุฏูโุงูุฏุ ุฏุนูุช ูโฺฉูู ุจุฑุง ุงูุฒุงุด ูุดุงุฑฺฉุชโฆ,HS_Soleimani
153,"RT @1Alibz: ุฌุฑุงู ูุงฺุฒ ุฑุงุฆู ุจุฑุง ุจู ุฏุณุช ุขูุฑุฏู ูุฏุฑุช ู ุฑุง ูฺฏุงู ุฌูุงูุงู ุจ ุงูููุงุจ ู ุงุฑฺฉุงู ูุธุงู ุฑู ุฎุฑุงุจ ฺฉุฑุฏ ู ุฑุณ ููู ุฑุง ุฏุฒุฏ ู ูุงุณุฏ ุฎููุฏ!!
ฺูโฆ",HS_Soleimani
154,"RT @ghademoon_158: ุบุตู ูุงุฌุฑุง ุงูู ูุฎุงุทุจุงู ฺฉู ุชู ุฎูููโูุง ูุซู ุฎููู ุดูุฏ #ุฑูุญ_ุงููู_ุนุฌูุงู ุฒูุฏฺฏ ูโฺฉููุฏุ 
ููโุฏุงููุฏ ฺุทูุฑ ุจุง ฺฉุงุณุจ #ุนุชุฏุงูุชุฎูโฆ",HS_Soleimani
155,@aghel_ir ุงุญุชูุงูุง ุณฺฏโูุง ุฏู ูพุง ูุณุชู ฺฉู ุฏุณุชุดูู ุฑุณุฏู ุจู ุจุงูุง ุจูุฑ !,HS_Soleimani
156,"ุงูุจุงุด ุณุงุฒูุงูโุฏู ุดุฏู ุฏุฑ ูุถุง ุดูุฑ ุฏุฑ ุณู ฺูุงุฑ ุฑูุฒ ฺฏุฐุดุชู ุชูุฑุจุง ูุฑุฌุง ููุฑุณุช ูุงูุจุงู ุฏุฑ ุชูุฑุงู ุจูุฏู ฺูู ฺฉุงุฑ ฺฉุฑุฏูุฏ.

ุงูุจุชู ุงูุจุงุด ูุถุง ูุฌุงุฒ ฺฉุงุฑุดุงู ุชูุงู ูุดุฏู ู ูููุฒ ูุดุบูู ูุณุชูุฏ! https://t.co/tS7sYLMczg",HS_Soleimani
157,"RT @hssaremi: ููู ูุณุชโูุง ุฑู ุฑู ูู ุจุฐุงุฑ ุฏู ุขุฌุฑ ุจุฑุง ูุฑุฏู ุฌุง ุจู ุฌุง ูฺฉุฑุฏูโุงูุฏ ููุชูุง ฺฉ ุตุฏู ูุงูุจุงู ุชุฎุฑุจ ููโุดููุฏ.
ูุฑุฏู ุชูุฑุงู ูุฑุฏุง ุงูุชุฎุงุจ ูโฆ",HS_Soleimani
158,ุจุฑุง ูุง ุชูุฑุงู ูููุฒ ูู ุฑู ุณูุฏู ! https://t.co/nECngoFF5n https://t.co/vHvX1cYhOC,HS_Soleimani
159,RT @MKeshtdar: #ุญุณู_ูุฏุงุช ุฏุฑ ููุจุช ุงุฎุฑ ุงุณุชูุงุฏู ุงุฒ ุชุงุณุณุงุช ูุงููู ุฎูุฏ ุฏุฑ ุฎุงุฑุฌ ุงุฒ ุฒูุฏุงูุ ุจุฎุด ูุงุจู ุชูุฌู ุงุฒ ุฑุฏ ูุงู ุฎูุฏ ุฑุง ูพุฑุฏุงุฎุช ฺฉุฑุฏู ู ูุจูุบโฆ,HS_Soleimani
160,RT @mb_ghalibaf: ฑ.ุฏุฑ ฺฏุฒุงุฑุด ูุจูุ ุงุฒ ุชุญูู ฑน ูุนุฏูู ุงูุชุฎุงุจุงุช ุณุงู นธ ฺฏูุชู. ุงฺฉููู ุงุฒ ฒฑ ุงูุฏุงู #ูุฌูุณ_ุงุฒุฏูู ฺฉู ูุนุฏูโุดุงู ุฑุง ูุฏุงุฏู ุจูุฏูุ ูโฺฏูู.โฆ,HS_Soleimani
161,@mimre_pe ุงุฎ ุงุฎ.. ุฏุฑุฏ ู ุจูุง ุดูุง ูุง ุชู ุณุฑ ุจุนุถ ูุง ุจุฎูุฑู โค๏ธ,HS_Soleimani
162,"ุงูุจุชู ุงูฺฉู ด ุฑูุฒ ุชุนุทู ุจูุฏ ู ุงุฒ ุขุฎุฑ ููุชู ูุจู ููุช ุฑูุชู ุณูุฑ ูู ุจโุชุงุซุฑ ูุจูุฏโฆ!  

ู ุงู ูู ฺุฒ ุงุฒ ุงุฑุฒุดโูุง ูุฑููุง ุฎุฏูุงุช ุดูุฑ ฺฉู ููฺฉูู ู ุจุงุฏ ุฎุฏุงููุช ฺฏูุช ุจู ูููโุดูู https://t.co/osSc9rveX1",HS_Soleimani
163,RT @hssaremi: ุชุง ุฏุฑูุฒ ูฺฏูุชูุฏ ุฌูู ุงุฒ ูุงูุจุงู ุฏูุงุน ูฺฉูุฏ ฺูู ุฏุฑ ูุณุช ุงูุณุชุ ุงูุงูฺฉู ู ุฏุฑ ูุณุช ูุงูุจุงู ูุณุช ุจุงุฒ ูู ูู ุชููุง ุงุฒ ูุงูุจุงู ฺฉู ุงุฒโฆ,HS_Soleimani
164,"ุงู ุจุฎุด ุงุฒ ูุฏู ุณูุงู ูุฑูุงูุฏู ุฌุฏุฏ ุงุณุช ฺฉู ุชุงุฒู ููุชุดุฑ ุดุฏูุ ูุฑูุงูุฏู ููุฏ

ุถูู ุฎุฏุงููุชุ ูู ูฺฺฉุฏุงู ููุงู ุงูู ูุดุฏ ู ุจู ูุธุฑู ูุฎูุงูุฏ ุดุฏโฆ https://t.co/8IEZTypP4j",HS_Soleimani
165,"RT @MKeshtdar: ุฎุงูู ุณฺฉูู ุณุงุฏุงุช ูพุงุฏโ ูุจู ุงุฒ ุงุธูุงุฑ ูุธุฑ ุฑุณุงููโุง ุจูุชุฑ ุจูุฏ ฺฉูโ ุชุญูู ูโฺฉุฑุฏุฏ.

ุงูุฑฺ ฺฏุฐุงุดุชุฏ ู ูุตุงุญุจู ฺฉุฑุฏุฏ ฺฉู ุจูุฏู ุจู ููู ูโฆ",HS_Soleimani
166,"RT @J1nne: ุจุงุฒู ููโูุง ูู ุงูุฏูุนู ุจุฏูู ุจุฑฺุณุจ ู ูุดูู ู ุงุณู ู ุขุฑู! ุจุงุฒู ุถุฑุจ ู ุดุชู! ุจุงุฒู ุชฺฉุฑุงุฑ ุญูุงูุช!

ุฌูุฑ ฺูุฏูุงูู ููโูุง ุฑู ุจุฏูู ูฺ ุขุฑูโโฆ",HS_Soleimani
167,"RT @MKeshtdar: ุจุงุจฺฉ ุฒูุฌุงู ุณุฑุงูุฌุงู ุจุฏูโุงุด ุฑุง ูพุฑุฏุงุฎุชโ ฺฉุฑุฏุ ุจุง ุงูุฏุงูุงุช ูุถุง ุชูุงู ุจุฏู ูโ ุฎุณุงุฑุช ุฒูุฌุงู ุจู ุฏููุช ูพุฑุฏุงุฎุช ุดุฏ

ุญุฌุช ุงูุงุณูุงู ูุงููุณูโฆ",HS_Soleimani
168,RT @pooriast: ูู ุฌุง ุฎูุฏู ุญุฑู ูโุฒููุ ูู ุฏุฑ #ุงูุชุฎุงุจุงุช ุฏูุจุงู ูพุณุช ู ุฑุงูุช ุดุฎุต ูุณุชูุ ู ูุฑฺ ุจุดู ุฑุง ูุฏูุ ุงฺฏุฑ ุดูุฑุง ูฺฏูุจุงู ููู ุขุฏูโูุง ุฑุง ุฑุฏ ุตโฆ,HS_Soleimani
169,RT @DavariAbdolreza: โผ๏ธุณุงู 98ุ ูุฆุช ุชุตูู ููุฏูฺฏ ุงุณุ ุจุง ูุญูุฑุช ุณุนุฏ ูุญูุฏุ ูุงูู ุง 16 ุตูุญู ุงุ ุจุฏูู ฺฉ ุจุฑฺฏ ุณูุฏุ ุนูู ูุงูุจุงู ุจู ุดูุฑุง ูฺฏูุจุงโฆ,HS_Soleimani
170,@mohamadmobin1 ุนูุฑุง,HS_Soleimani
171,@ali_ahmadnia ๐๐,HS_Soleimani
172,@mhrezaa2c ุฏูู,HS_Soleimani
173,"ุฌุฑุงูุงุช ูุฏุน ุงูููุงุจ ุจูุฏู ฺูุงู ฺฉูุฑ ุจู ูุงุจูุฏ ูู ุจุณุชูโุงูุฏ ฺฉู ุดฺฉุณุช ุงุฒ ุฏุดูู ูุฑุถ ุฏุฑ ุฏู ุณุงู ุขูุฏู ุฏูุฑ ุงุฒ ุฐูู ูุณุช. 

ูุงูุจุงู ุฑู ุจุง ุฏุฑุฎูุงุณุช ููุงุฌุฑุช ูพุณุฑุด ุจุฒูุฏ ุ ุฑุณ ูู ุจุง ุนููฺฉุฑุฏ ุฎูุฏุชุงู ุญุฐู ูโุดูุฏ ู ุทูุฑ ุจู ุชุงุฑุฎ ูโูพููุฏุฏ ฺฉู ููุท ูุงู ุนุจุฑุช ุจุงุดุฏ. 

ุจููุ ุงู ุจุงุฑ ุฎู ูุฑู ูโฺฉูุฏโฆ",HS_Soleimani
174,"RT @hssaremi: ูุงูุจุงู ุจูุชุฏุ ุฑุฆุณ ูู ูุทุนุงู ุฎูุงูุฏ ุงูุชุงุฏ.
ุฑุฆุณ ุจูุชุฏุ ุฌุฑุงู ุงูููุงุจ ุฏฺฏุฑ ุจุงุฏ ุฎูุงุจ ูุถุนุช ูุนู ุฑุง ุจุจูุฏ!",HS_Soleimani
175,"RT @m_ghorbani20: ูุถุนุช ุดุฑ ุจุงุบ ูุญุด ูุดูุฏ ูุงุฒ ุจู ูฺ ุชูุถุญ ูุฏุงุฑู
ููุท ุงฺฏุฑ ุจฺู ุชูู ุฑู ุจุฑุฏู ุจุงุบ ูุญุด ู ุงุฒุชูู ูพุฑุณุฏ ูฺฏู ุดุฑ ุณูุทุงู ุฌูฺฏู ูุจูุฏุ ูโฆ",HS_Soleimani
176,"ุฏุงุดุชู ุจุง ุชุงฺฉุฏ ุจุฑ ุงูฺฉู ฺฉูุง ููู ุฑู ุฏุงุฏู ุณุชุงุฏ ุงุฌุฑุง ู ุจุง ุชุตูุฑ ุฑุถุงุช ุฑูุจุฑ ุงูููุงุจ ฺฏุฒุงุฑุด ูโุฏุงุฏู! ุชุง ุงูฺฉู ุขูุง ูุฑููุฏู ุจุฏุฏ ุจุฎุด ุฎุตูุตโฆ

ฺฉ ูฺฉูุช ฺฏุฑูุชุ ฺฉ ุจู ุขูุง ฺฏูุช โุขูุง ุฏฺฉุชุฑโ ุ ุงูู ฺฉ ฺฏูุช โุชู ุฏู ุงููุง ูู ุจุฎุด ุฎุตูุต ูุณุช ูู ุจุฎุด ุบุฑุฏููุช!โ (ููุธูุฑุด ุงู ุจูุฏู ููู ุฑู ุจุงูู ุจูุนุฏู) 
:) https://t.co/E3U1eJSj1e",HS_Soleimani
177,RT @MOHTAJOLAH: ุงูุฑูุฒ ุจุตูุฑุช ุงุชูุงูู ูพูุฌ ุงููุณุงฺฏุฑุงู https://t.co/LmIF8fBk14 ุฑุงุฏูุฏู.ุฎุณุชฺฏู ูขูฅ ุณุงูู ู ูุงุงููุฏู ุงุฒ ุจุนุถู ูุณุฆููุงู ูุฏุฑ ูุงุดูุงุณ ุงุฒุชูู ุจูโฆ,HS_Soleimani
178,@aghel_ir ุฎุฏุงุฑูุดฺฉุฑ ู ุฑูุณุชุง ุฏฺฏู ู ููุณุงูโูุงุด ุนุฒุงุฏุงุฑ ูุดุฏู,HS_Soleimani
179,"ุญฺฉู ุงุนุฏุงู ูุงูุงู ุตุฏุฑุงุช ุงุฒ ูุญฺฉููุงู ุงุบุชุดุงุดุงุช ุณุงู ฺฏุฐุดุชู ููุถ ุดุฏ 

ุตุฏุฑุงุช ฺฉู ูพุด ุงุฒ ุงู ุจู ุงุชูุงู ูุญุงุฑุจู ุจู ุงุนุฏุงู ูุญฺฉูู ุดุฏู ุจูุฏุ ุจุง ููุถ ุญฺฉู ุฏุฑ ุฏูุงู ู ุฑุณุฏฺฏ ูุฌุฏุฏ ุฏุฑ ููุงุช ุญฺฉูุด ุจู ุญุจุณ ู ุชุจุนุฏ ุชุบุฑ ฺฉุฑุฏ. https://t.co/LdbblvAew2",HS_Soleimani
180,@amir_reza__T ุงฺฏุฑ ุฏูุงู ููุถ ฺฉุฑุฏู ุจูุฏ ฺฉู ุงุฌุฑุง ููุดุฏ. ุญฺฉู ุจุนุฏ ุงุฒ ุชุงุฏ ุฏูุงู ุงุฌุฑุง ูโุดูุฏ,HS_Soleimani
181,@Anti_chum ููุตุฑ ุจูุฏู ุงูููุง ุฏูู ุจุฑ ุจโฺฏูุงู ูุงุชู ูุณุช ูุชุงุณูุงูู. ุทุจู ูุงููู ฺฉุณ ฺฉู ุนุงูุฏุงูู ูุชู ูุฑุชฺฉุจ ุดุฏู ูุญฺฉูู ุจู ูุตุงุต ูุดู ูฺฏุฑ ุงููุง ุฏู ุฑุถุงุช ุจุฏููุฏ,HS_Soleimani
182,"ูุญูุฏ ูุจุงุฏูู ูุงุชู ุดูุฏ ฺฉุฑู ูพูุฑ (ฺฉู ุจุง ุฎูุฏุฑู ุงู ู ููฺฉุงุฑุงูุด ุฑุง ุฒุฑ ฺฏุฑูุชู ุจูุฏ) ุจู ุฒูุฏ ูุตุงุต ูโุดูุฏโฆ

ูุนูุช ุฎุฏุง ุจุฑ ุงูุซุงู ุนู ฺฉุฑู ู ููู ฺฉุณุงู ฺฉู ูุงููุฑ ุดุฏูุฏ ุชุง ุจุฐุฑ ฺฉูู ุจฺฉุงุฑูุฏ ู ุฌูุงูุงู ฺูู ูุจุงุฏูู ุฑุง ุจู ุฌุงู ุฌูุงูุงู ุฏฺฏุฑ ุงุฒ ูุทู ุจุงูุฏุงุฒูุฏ ู ฺฉ ููุช ุฑุง ุฏุงุบุฏุงุฑ ุนุฒุฒุงูุดุงู ฺฉููุฏ https://t.co/yrfMNFdtzh",HS_Soleimani
183,"RT @MKeshtdar: ุขูุง ูฺฉู ู ุฎุงููุงุฏู ูุญุชุฑู #ุนุจุฏุงููู_ููููุ

ุฏุฑ ููุฑุฏ ุงูฺฉู ูุงุถ ุงุฌุฑุง ุงุญฺฉุงู ุฏุฑ ุฏู ููุจุช (ุฏุฑูุฒ ู ุงูุฑูุฒ) ูพุดููุงุฏ ุชุนูู ุงุฌุฑุง ุญฺฉูโฆ",HS_Soleimani
184,"RT @tanha1358: ุจุฑุง ุจุฑุงูุฏุงุฒูุง ูุฑู ูุฏุงุฑู ฺฉู ุชู ุจุง ุญฺฉููุช ูุณุช ุง ูุฎุงูู ุญฺฉููุชุ
ูุดฺฉู ุจุฑุงูุฏุงุฒ ู ุฏุดูู ุฎุงุฑุฌ ุจุง ุงุฑุงู ุจูุฏู ู ุงุฑุงู ุชูุณุช.
ุงูู ุงุตโฆ",HS_Soleimani
185,"ฺุฑุง ููู ุฏุงุฑู ุฏูุจุงู ุณุฑ ูุงุฑ ูฺฏุฑุฏูุ! 
ฺฉ ุณุฑ ูุงุฑ ุฑู ุจุฏู ุจู ุงูุง ุจุฑู ุฏฺฏู! https://t.co/MjwcCz9VXe",HS_Soleimani
186,RT @OmidMohaddes: ุงู ููุดฺฉ ุฑูุฒูุง ุงูุชูุงู ูู ุงุณุช ! https://t.co/zeAOF4OBkB,HS_Soleimani
187,ููุฑูุง ฺฏุฑููฺฉ ุฌุด ุงูุธูู ุฏุฑ ุฎุงฺฉ ูพุงฺฉุณุชุงู ุจุง ูพููพุงุฏ ู ููุดฺฉ ูุฏู ูุฑุงุฑ ฺฏุฑูุช ู ูููุฏู ุดุฏ.,HS_Soleimani
188,RT @ebrahimiavval: ุจู ูุฑุฏู ุชููู ูฺฉููุ ุญุช ฺฉุณุงู ฺฉู ุจุฑุฎ ุธูุงูุฑ ุดุฑุน ุฑู ุฑุนุงุช ููฺฉููุ ุญุช ุงฺฏุฑ ุฎูุงุณุชู ูู ุงุฒ ููฺฉุฑ ูุณุจุช ุจู ุงูููุง ุฏุงุดุชู ุจุงุดโฆ,HS_Soleimani
189,ูุฏู ููุชุดุฑุดุฏู ุฏุฑ ุดุจฺฉู ุฑูุฏุงู ูุดุงู ู ุฏูุฏ ุจุง ูุฌูุฏ ุงุตุงุจุช ฺูุงุฑ ููุดฺฉ ุณูพุงู ุจู ูุญู ุงุณฺฉุงู ูุงฺุงูฺ ููุณุงุฏุ ุฏูุช ุงุตุงุจุชโูุง ุจู ูุฏุฑ ุจุงูุงุณุช ฺฉู ุญุช ฺูู ูุง ุฏุงุฎู ุญุงุท ููุฑ ูู ุขุณุจ ูุฏุฏู!! https://t.co/WbHi7ILcdT,HS_Soleimani
190,"RT @hrajaee62: ุงฺฏุฑ ุชูุงูุณุชุฏ ุงุณู ุงู ููุงุด ุฑุง ุจุง ฺฉ ููุณ ุจุฎูุงูุฏุ ุนู ุฑูโโูุง ุดูุง ุณุงูู ุงุณุช :

ยซููุงุด ูู ุฑุดุฏ ุชููุฏ ู ููุงุฑ ุชูุฑู ุจุง ุงูฺฏู ู ููโฆ",HS_Soleimani
191,@pouriazeraati :) ุจูุฑูุงุฏ ุงุฑุจู ูุฒ ุดุงู  ุขูุงุฏู ุงุณุช,HS_Soleimani
192,ุจุฑุงุณุงุณ ุดูุฏู ูุงุ ุจุฑุง ุงููู ูุญูุฏ ู ููููุฑ ุญุงูุฏ ูพุฑููุฏู ุฌุฏุฏ ุฏุฑ ุฏุงุฏุณุฑุง ุชุดฺฉู ุดุฏู ุงุณุช.,HS_Soleimani
193,@n1988_n1989 ุจูู,HS_Soleimani
194,"ููููุฑ ุญุงูุฏ ู ุงููู ูุญูุฏ ฺฉู ุฏุฑ ุฏุงุฏฺฏุงู ุจุฏู ุจู ุฒูุฏุงู ูุญฺฉูู ุดุฏู ุจูุฏูุฏ ูพุณ ุงุฒ ฑท ูุงู ุญุถูุฑ ุฏุฑ ุฒูุฏุงู ุจุง ูุจูู ูุฑุงุฑ ูุซูู ุจู ุตูุฑุช ูููุช ุขุฒุงุฏ ุดุฏูุฏ

ูุชููุงู ุชุง ุฒูุงู ุตุฏูุฑ ุฑุง ุฏุงุฏฺฏุงู ุชุฌุฏุฏูุธุฑ ุขุฒุงุฏ ุฎูุงููุฏ ุจูุฏ",HS_Soleimani
195,ููููุฑ ุญุงูุฏ ู ุงููู ูุญูุฏ ุจุง ุชุจุฏู ูุฑุงุฑ ูุงูููุ ุงุฒ ุฒูุฏุงู ุขุฒุงุฏ ุดุฏูุฏ,HS_Soleimani
196,RT @JamaatMohamad: ูุจุชฺฉุฑ ููุฑูุง ูุงููุธู ู ูุงูุชูุงุฑู ุฏุฑ ููุชุจุงููุงูุ ุจู ุฏูุจ ุฑูุช ุชุง ููุง ุนูุถ ฺฉุฑุฏู ู ูุฎุช ุงุณุชุฑุงุญุช ฺฉูุฏ.ุงูุจุชูุ ูุทูุฆู ุจุงุดุฏ ุฏุฑ ุณูุงุญโฆ,HS_Soleimani
197,RT @MKeshtdar: ุฎุจุฑ ุฌุนู ูโฺฉููุฏ ฺฉู ูุชูู ุฑุฏู ุงูู ูพุฑููุฏู ููุงูพูุง ุงูฺฉุฑุงู ุขุฒุงุฏ ุงุณุชุ ุฎุจุฑ ุฑุง ฺฉู ุฏูุจุงู ูโฺฉูโ ูุชูุฌูโ ูโุดู ูุชูู ุจู ุงุชูุงู ูุชูโฆ,HS_Soleimani
198,"RT @Baghdad1_20: ุฎูู ูุธููู ุชู ุฑุง ูุฎูุงูุฏ ุง ุตุงุญุจ ุงูุฒูุงู

#ฺฏูุฒุงุฑ_ุดูุฏุง_ฺฉุฑูุงู #ูุฑูุงู #ุงูููู_ุนุฌู_ููููู_ุงููุฑุฌ https://t.co/SGmsofXJCN",HS_Soleimani
199,@n1988_n1989 ุดุงุฏ ุงุณุชููุงู ุจูุฏู,HS_Soleimani
200,"ุฑุงุฒู ุชููู ูุฒุฑุง ุฎุงุฑุฌู ุงุฑุงู ู ุณูุทูุช ุนูุงู

ูุฒุฑ ุงููุฑ ุฎุงุฑุฌู ุขุฎุฑู ููุงุถุน ฺฉุดูุฑูุงู ุฑุง ุฏุฑููุฑุฏ ุฑููุฏ ุชุญููุงุช ููุทูู ุจุฎุตูุต ุจุนุฏ ุงุฒ ุนููุงุช ุงุฑุงู ุนูู ุงูุฏุงู ูุธุงู ุฑฺู ุตูููุณุช ู ุฏุฑุฑุงุณุชุง ุฏูุงุน ูุดุฑูุน ู ุชูุจู ุงู ุฑฺูุ ููฺูู ุชุญุฑฺฉุงุช ฺฉุดูุฑูุงู ุฏุฑ ุนุฑุตูโูุง ุณุงุณ ู ุญููู ู ุจู ุงูููู ุฑุง ุชุดุฑุญ ฺฉุฑุฏ https://t.co/P0Oan0pIzr",Tasnimnews_Fa
201,"ุขุชโุงููู ูฺฉุงุฑู ุดุฑุงุฒ: ุนููุงุช ูพุฑูุฒููุฏุงูู ูุฑููุง ูุณูุญ ูุง ุณุฑุจููุฏ ูุณููุงูุงู ุฌูุงู ุดุฏ

ุจโุชุฑุฏุฏ ูุฑุฏู ุนุฒุฒ ุงุฑุงูุ ูุฏุฑุฏุงู ุงู ุนููุงุช ูุงุทุน ู ุบุฑูุฑุขูุฑู ูุณุชูุฏ ู ูููุงุฑู ุฏุฑ ฺฉูุงุฑ ูุฌุงูุฏุงู ู ูุดฺฉุฑุงู ุงุณูุงู ุชุง ุดฺฉุณุช ูุณุชฺฉุจุฑุงู ู ูุงุจูุฏ ุธูู ู ุณุชูุ ูพุงุฏุงุฑ ุฎูุงููุฏ ูููุฏ https://t.co/nN0D2vCEru",Tasnimnews_Fa
202,"ฺฏูุชฺฏู ุชููู ูุฒุฑุง ุงููุฑ ุฎุงุฑุฌู ุงุฑุงู ู ฺู

ูุฒุฑุง ุงููุฑ ุฎุงุฑุฌู ุงุฑุงู ู ฺู ุท ฺฏูุชฺฏู ุชูููุ ุขุฎุฑู ุชุญููุงุช ููุทูู ู ุฑููุฏ ุชูุณุนู ู ฺฏุณุชุฑุด ุฑูุงุจุท ุฏูุฌุงูุจู ุชูุฑุงู ู ูพฺฉู ุฑุง ููุฑุฏ ฺฏูุชฺฏู ู ุชุจุงุฏู ูุธุฑ ูุฑุงุฑ ุฏุงุฏูุฏ https://t.co/9GT4vDcBhO",Tasnimnews_Fa
203,"ุฑุงุฒู ุงูุฑุนุจุฏุงูููุงู ู ุฏุจุฑฺฉู ุณุงุฒูุงู ููฺฉุงุฑ ุดุงูฺฏูุง

ูุฒุฑุงููุฑ ุฎุงุฑุฌู ุฏุฑ ฺฏูุชฺฏู ุชููู ุจุง ุฏุจุฑฺฉู ุณุงุฒูุงู ููฺฉุงุฑ ุดุงูฺฏูุง ุถูู ุชุจุงุฏู ูุธุฑ ุฏุฑุฎุตูุต ุขุฎุฑู ุชุญููุงุช ููุทููุ ุงุฒ ุจุฑฺฏุฒุงุฑ ูููู ุงุฌูุงุณ ุงุฎุฑ ุฏุจุฑุงู ุดูุฑุง ุงููุช ุนุถู ุดุงูฺฏูุง ุฏุฑ ุดูุฑ ุขุณุชุงูู ู ููุด ูุซุจุช ุงู ุณุงุฒูุงู ุฏุฑ ูุจุงุฑุฒู ุจุงุชุฑูุฑุณู ุชุดูุฑ ูุฑุฏ https://t.co/acnws1RUZm",Tasnimnews_Fa
204,"ููุงูพูุง ุนุฑุงู ูพุฑูุงุฒูุง ุจู ุงุฑุงู ุฑุง ุงุฒ ุณุฑ ูโฺฏุฑุฏ 

ุดุฑฺฉุช ุนุฑุงูโุงุฑูุฒ ูพุฑูุงุฒ ุงุฒ ูุฑูุฏฺฏุงูโูุง ุนุฑุงู ุจู ููุตุฏ ุงุฑุงู ุฑุง ุงุฒ ูุฑุฏุง ุงุฒ ุณุฑ ุฎูุงูุฏ ฺฏุฑูุช https://t.co/lSAPBPbmhP",Tasnimnews_Fa
205,"ุชูุงุณ ุชููู ุงูุฑ ูุทุฑ ุจุง ุฑุฆุณโุฌูููุฑ

ุดุจฺฉู ุฎุจุฑ ุงูุฌุฒุฑู ุจู ููู ุงุฒ ุฏูุงู ุงูุฑ ูุทุฑ ุงุฒ ุชูุงุณ ุชููู ุงูุฑ ุงู ฺฉุดูุฑ ุจุง ุฑุฆุณโุฌูููุฑ ุงุฑุงู ุจุง ูุญูุฑุช ูุถุนุช ููุทูู ู ุจูโุงูููู ุฎุจุฑ ุฏุงุฏ https://t.co/AfE9VdExsr",Tasnimnews_Fa
206,"ููุงุจุน ูุทูุน ุจู ยซุงูุนุฑุจูยป ุงุฏุนุงูุง ูุจู ุจุฑ ูุดุงุฑฺฉุช ุณุนูุฏ ุฏุฑ ุฑูฺฏุฑ ุญููุงุช ููุดฺฉ ู ูพููพุงุฏ ุงุฑุงู ุจู ุงุณุฑุงุฆู ุฑุง ุชฺฉุฐุจ ฺฉุฑุฏูุฏ

ุจู ฺฏูุชู ุงู ููุงุจุน ุจู ุงูุนุฑุจู: ูฺ ุณุงุช ุงุธูุงุฑุงุช ูุจู ุจุฑ ูุดุงุฑฺฉุช ุณุนูุฏ ุฏุฑ ุฑูฺฏุฑ ุญููุงุช ุนูู ุงุณุฑุงุฆู ููุชุดุฑ ูฺฉุฑุฏู ุงุณุช https://t.co/K1IHAvnxHL",Tasnimnews_Fa
207,ุถูู ุงูฺฉู ุจุง ูฺ ฺฉุฏุงู ุงุฒ ุฑุณุงููโูุงุ ุฏุงุฑุง ุงุฑุชุจุงุท ุงุฎุชุตุงุต ู ูฺู ูุฒ ูุณุช,Tasnimnews_Fa
208,ุฑุถุง ุณุฑุงุฌ ูุนุงูู ูุฑููฺฏ ู ุงุฑุชุจุงุทุงุช ุฏุจุฑุฎุงูู ุดุนุงู ุงุนูุงู ฺฉุฑุฏ: ุดูุฑุง ุนุงู ุงููุช ูู ู ุฏุจุฑุฎุงูู ุดูุฑุง ุฏุงุฑุง ุงูุฑฺฏุงู ุฑุณุงูู ุง ูุจูุฏู ู ฺฉูู ุงุฎุจุงุฑ ู ุงุทูุงุนูโูุง ุขู ุงุฒ ุทุฑู ุฑุณุงูู ููุ ุตุฏุง ู ุณูุง ุฌูููุฑ ุงุณูุงู ุงุฑุงู ู ุฎุจุฑฺฏุฒุงุฑโูุง ุฑุณู ฺฉุดูุฑ ููุชุดุฑ ูโุดูุฏ.,Tasnimnews_Fa
209,"ููุฑ ููุฒ ุงุฑฺฏุงู ุฑุณุงููโุง ุดูุฑุง ุนุงู ุงููุช ูู ู ุฏุจุฑุฎุงูู ุขู ูุณุช

 ุฏุจุฑุฎุงูู ุดูุฑุง ุนุงู ุงููุช ูู ุจุง ุงุนูุงูโ ุงู ุฎุจุฑ ุงุนูุงู ฺฉุฑุฏ: ุจุง ุชูุฌู ุจู ุงู ฺฉู ุฏุฑ ุจุฑุฎ ุฑุณุงููโูุง ุงุฒ ูพุงฺฏุงู ุฎุจุฑ ุชุญูู ยซููุฑููุฒยป ุจู ุนููุงู ุฑุณุงูู ูุฒุฏฺฉ ุจู ุฏุจุฑุฎุงูู ุดูุฑุง ุนุงู ุงููุช ูู ุงุฏ ู ุดูุฏุ https://t.co/t9RKpgVJtY",Tasnimnews_Fa
210,"ุชุธุงูุฑุงุช ุถุฏ ุงุณุฑุงุฆู ุฏุฑ ูพู ยซฺฏูุฏู ฺฏุชยป ุฏุฑ ุขูุฑฺฉุง 

ุฑุณุงููโูุง ุงูุฑูุฒ ุงุฒ ุชุธุงูุฑุงุช ุถุฏ ุงุณุฑุงุฆู ุฏุฑ ุจุฑุฎ ุดูุฑูุง ุขูุฑฺฉุง ู ูพู ูุนุฑูู ยซฺฏูุฏู ฺฏุชยป ุฎุจุฑ ุฏุงุฏูุฏ https://t.co/8LzqjZIJno",Tasnimnews_Fa
211,"ุณูุงุฑุช ูููุฏ ุฏุฑ ุชูุฑุงู ุจุงุฒฺฏุดุง ูโุดูุฏ

ูููุฏ ุฏุฑ ุจุงููโุง ุงุนูุงู ฺฉุฑุฏ ฺฉู ูพุณ ุงุฒ ุชุนุทู ฒ ุฑูุฒู ุณูุงุฑุช ุฎูุฏ ุฏุฑ ุชูุฑุงู ุจู ุฏูุงู ุงููุ ุณูุงุฑุช ุฎูุฏ ุฑุง ุจุงุฑ ุฏฺฏุฑ ุจุงุฒฺฏุดุง ูโฺฉูุฏ https://t.co/8oDclLgyTK",Tasnimnews_Fa
212,"ูุฒุฑ ุฎุงุฑุฌู ูุตุฑ ูพุงู ุงุฑุงู ุฑุง ุจู ุฑฺู ุงุณุฑุงุฆู ุฑุณุงูุฏู ุงุณุช

ฺฉ ููุจุน ุขฺฏุงู ุฏุฑ ฺฏูุชฺฏู ุจุง ุชุณูู ุฎุจุฑ ุฏุงุฏ ฺฉู ุฏุฑ ุฎูุงู ุชูุงุณ ุชููู ูุฒุฑุง ุฎุงุฑุฌู ุงุฑุงู ู ูุตุฑ ูพุงู ูุดุฏุงุฑ ุฌูุช ุงุฑุณุงู ุจู ุฑฺู ุตูููุณุช ุฏุงุฏู ุดุฏู ุงุณุช https://t.co/4aJkFzih15",Tasnimnews_Fa
213,"ฺฏูุชฺฏู ุชููู ูุฒุฑ ุงููุฑ ุฎุงุฑุฌู ุงุฑุงู ู ูุงูุฒ

ูุฒุฑ ุงููุฑ ุฎุงุฑุฌู ฺฉุดูุฑูุงู ู ยซูุญูุฏ ุญุณูยป ูุฒุฑ ุงููุฑ ุฎุงุฑุฌู ูุงูุฒ ุจุนุฏ ุงุฒ ุธูุฑ ุงูุฑูุฒ ุฏุฑ ฺฉ ุชูุงุณ ุชููู ุฏุฑ ุฎุตูุต ุขุฎุฑู ุชุญููุงุช ุฏุฑ ุฑูุงุจุท ุฏูุฌุงูุจู ู ุงูุถุงุน  ููุทูู ุจุญุซ ู ุชุจุงุฏู ูุธุฑ ฺฉุฑุฏูุฏ https://t.co/dHPPpQMBLh",Tasnimnews_Fa
214,"ุฑุฆุณ ูพูุฌโุดูุจู ุจู ุณููุงู ุณูุฑ ูโฺฉูุฏ

ุงุณุชุงูุฏุงุฑ ุณููุงู: ุจู ฒ ุฏูู ุณูุฑ ุฑุฆุณโุฌูููุฑ ุจู ุงุณุชุงู ุณููุงู ุจุง ุชุงุฎุฑ ููุงุฌู ุดุฏ ฺฉ ุงูุชุฎุงุจุงุช ูุฌูุณ ุดูุฑุง ุงุณูุงู ู ุฏฺฏุฑ ูุงู ูุจุงุฑฺฉ ุฑูุถุงู ู ุงูโุดุงุกุงููู ุฏุฑ ูพูุฌุดูุจู ููุชู ุฌุงุฑ ุณูุฑ ุฑุฆุณโุฌูููุฑ ุจู ุงุณุชุงู ุณููุงู ุจุฑฺฏุฒุงุฑ ุฎูุงูุฏ ุดุฏ https://t.co/XsgzYNP64E",Tasnimnews_Fa
215,"ุญููู ุญุฒุจโุงููู ุจู ูุธุงูุงู ุงุณุฑุงุฆู 

ุญุฒุจโุงููู ูุจูุงู: ฺฏุฑูู ุงุฒ ูุฑููุง ุงุดุบุงูฺฏุฑ ุงุณุฑุงุฆู ุฑุง ุฏุฑ ูพุงฺฏุงู ูุชุงุช ุฏุฑ ุดูุงู ููุณุทู ุงุดุบุงู ุจุง ุณูุงุญ ููุงุณุจ ูุฏู ูุฑุงุฑ ุฏุงุฏู ู ุงู ูุฑููุง ุจู ูุชู ุฑุณุฏูุฏ ุง ูุฌุฑูุญ ุดุฏูุฏ https://t.co/PN9oLKwjkv",Tasnimnews_Fa
216,"ุชุฃฺฉุฏ ูุฑุงูุณู ุจุฑ ุถุฑูุฑุช ููุงุฑ ุงุณุฑุงุฆู ุจุนุฏ ุงุฒ ูพุงุณุฎ ุงุฑุงู 

ุฑุฆุณโุฌูููุฑ ูุฑุงูุณู ฺฏูุช ูพุงุฑุณ ุชูุงู ุงูุฏุงูุงุช ูุงุฒู ุฑุง ุจุฑุง ุฌููฺฏุฑ ุงุฒ ุชุดุฏุฏ ุชูุดโูุง ุฏุฑ ุฎุงูุฑูุงูู ุงูุฌุงู ุฎูุงูุฏ ุฏุงุฏ

ููฺูู ูฺฉุฑูู ุงุนูุงู ฺฉุฑุฏ ฺฉู ูุดุงุฑฺฉุช ููุงูพูุงูุง ุงู ฺฉุดูุฑ ุฏุฑ ุฑูฺฏุฑ ูพุฑุชุงุจูโูุง ุดูฺฉโุดุฏู ุงุฒ ุงุฑุงู ุจูุง ุจู ุฏุฑุฎูุงุณุช ุงุฑุฏู ุจูุฏู https://t.co/6H7AdriDwM",Tasnimnews_Fa
217,"ฺฏูุชโูฺฏู ุชููู ูุฒุฑุง ุงููุฑ ุฎุงุฑุฌู ุงุฑุงู ู ุงุชุฑุด

ุงูุฑุนุจุฏุงูููุงู ุฏุฑ ุงู ฺฏูุชฺฏู ููุงุถุน ฺฉุดูุฑูุงู ุฏุฑ ุฎุตูุต ุนููุงุช ุงุฎุฑ ูุฑููุง ูุณูุญ ุงุฑุงู ุนูู ุจุฑุฎ ุงูุฏุงู ูุธุงู ุฑฺู ุตูููุณุช ุฏุฑ ฺูุงุฑฺูุจ ุญู ุฏูุงุน ูุดุฑูุน ุฑุง ุชุดุฑุญ ูููุฏ https://t.co/oxAOdaVjB9",Tasnimnews_Fa
218,"ุทูุง ุณูฺฏูโูุฒู ุขุณุง ุจุฑ ฺฏุฑุฏู ยซูุฑุฒุงุฒุงุฏูยป

 ุงูู ูุฑุฒุงุฒุงุฏู ุฏุฑ ููุงู ูุฒู ฑณฐ ฺฉููฺฏุฑู ูุณุงุจูุงุช ฺฉุดุช ูุฑูฺฏ ุจุฒุฑฺฏุณุงูุงู ููุฑูุงู ุขุณุง ููุงุจู ูู ุณุฆูฺฉ ฺฉู ุงุฒ ฺฉุฑู ุฌููุจ ุจุง ูุชุฌู ต ุจุฑ ุตูุฑ ุจู ูพุฑูุฒ ุฑุณุฏ ู ูุฏุงู ุฎูุดุฑูฺฏ ุทูุง ุฑุง ุงุฒ ุขู ุฎูุฏ ฺฉุฑุฏ https://t.co/eSP8ayXbx3",Tasnimnews_Fa
219,"ุณููุงฺฉ: ุจุฑุง ุฌููฺฏุฑ ุงุฒ ุชูุด ุจุง ูุชุงูุงูู ุตุญุจุชโูโฺฉูู

ูุฎุณุชโูุฒุฑ ุงูฺฏูุณ:
ุจุง ูุชุงูุงูู ููุชุง ุงุณุฑุงุฆู ุฎูุฏ ุฏุฑ ููุฑุฏ ฺฺฏููฺฏ ุฌููฺฏุฑ ุงุฒ ุชูุด ฺฏูุชฺฏู ุฎูุงูู ฺฉุฑุฏ

ูฺ ฺุฒ ุฏุฑ ดธ ุณุงุนุช ฺฏุฐุดุชู ุจุฑ ููุถุน ุงูฺฏูุณ ุฏุฑ ูุจุงู ุบุฒู ุชุงุซุฑ ูฺฏุฐุงุดุชู ุงุณุช https://t.co/IKpvMGlv30",Tasnimnews_Fa
220,"ุจูฺฺฉ ุณูุฑ ุงุฑุงู ุฑุง ุงุญุถุงุฑ ฺฉุฑุฏ

ูุฒุงุฑุช ุฎุงุฑุฌู ุจูฺฺฉ ุงุนูุงู ฺฉุฑุฏ ฺฉู ุณูุฑ ุงุฑุงู ุฏุฑ ุงู ฺฉุดูุฑ ุฑุง ุจุฑุง ูพุงุณุฎ ฺฉูุจูุฏู ุงุฑุงู ุจู ุงุณุฑุงุฆู ุงุญุถุงุฑ ฺฉุฑุฏู ุงุณุช https://t.co/TMJNfYlJP1",Tasnimnews_Fa
221,"ุญููู ุจู ูุฑฺฉุฒ ูุธุงู ยซุญุงูุชุงยป ุฏุฑ ููุณุทู ุงุดุบุงู

ููุงุจุน ุฎุจุฑ ุงุฒ ุญููู ุจู ูุฑฺฉุฒ ูุธุงู ุญุงูุชุง ุฏุฑ ุดูุงู ููุณุทู ุงุดุบุงู ุจุง ููุดฺฉ ูุฏุงุช ุดููุฏู ุฎุจุฑ ุฏุงุฏูุฏ

ฺฉุงูุงู ฑด ุฑฺู ุตูููุณุช ูุฒ ุงุฒ ุดูฺฉ ููุดฺฉ ุถุฏุฒุฑู ุงุฒ ุฎุงฺฉ ูุจูุงู ุจู ุณูุช ูพุงฺฏุงู ูุชุงุช ุฏุฑ ุงูุฌูู ุฎุจุฑ ุฏุงุฏ",Tasnimnews_Fa
222,"ุจููฺฉู: ุขูุฑฺฉุง ุฎูุงูุงู ุชูุด ุจุง ุงุฑุงู ูุณุช

ูุฒุฑ ุฎุงุฑุฌู ุขูุฑฺฉุง ุฏุฑ ุฌุฑุงู ุฏุฏุงุฑ ุจุง ุงูุณูุฏุงู ูุฎุณุช ูุฒุฑ ุนุฑุงู ุงุนูุงู ฺฉุฑุฏ ฺฉู ูุงุดูฺฏุชู ุฎูุงูุงู ุชูุด ุจุง ุงุฑุงู ุฏุฑ ููุทูู ูุณุช

ูุฒุฑ ุฎุงุฑุฌู ุขูุฑฺฉุง ุจุง ุงูโุญุงู ุชุงฺฉุฏ ฺฉุฑุฏ ฺฉู ุงู ฺฉุดูุฑ ุจู ุฏูุงุน ุงุฒ ุงุณุฑุงุฆู ุงุฏุงูู ุฎูุงูุฏ ุฏุงุฏ https://t.co/2q4peAD82Y",Tasnimnews_Fa
223,ููู ุฌุฏุฏ ุงุฒ ูพุฑุชุงุจ ูพููพุงุฏูุง ุงูุชุญุงุฑ ุดุงูุฏ ฑณถ ุฏุฑ ุนููุงุช ยซูุนุฏู ุตุงุฏูยป https://t.co/CYn6ecIqqr,Tasnimnews_Fa
224,"ยซูุงุตุฑ ุนูุฒุงุฏูยป ุทูุง ุดุฏ

ูุงุตุฑ ุนูุฒุงุฏู ุฏุฑ ููุงู ูุฒู ธท ฺฉููฺฏุฑู ูุณุงุจูุงุช ฺฉุดุช ูุฑูฺฏ ุจุฒุฑฺฏุณุงูุงู ููุฑูุงู ุขุณุง ููุงุจู ููุฑุณูุทุงู ุชูุฑุณููู ุงุฒ ูุฒุงูุณุชุงู ุจุง ูุชุฌู ต ุจุฑ ุตูุฑ ุจู ูพุฑูุฒ ุฑุณุฏ ู ูุฏุงู ุทูุง ุฑุง ุจุฑ ฺฏุฑุฏู ุขูุฎุช https://t.co/eQ0FsQW8tP",Tasnimnews_Fa
225,"ุงูุฑุนุจุฏุงูููุงู: ุงู ุญูุงุชโูุง ุบุฑูุณุฆููุงูู ฺู ููุน ุจุฑุง ุงูฺฏูุณ ุฏุงุฑุฏุ

ูุฒุฑ ุงููุฑ ุฎุงุฑุฌู ุฏุฑ ุฏููู ฺฏูุชฺฏู ุจุง ููุชุง ุงูฺฏูุณ:
ุจุฑุงุณุช ุงู ุญุฌู ุงุฒ ุญูุงุชโูุง ุบุฑูุณุฆููุงูู ุงุฒ ุฌูุงุช ุฑฺู ุตูููุณุช ฺู ููุน ุจุฑุง ุฏููุช ุงูฺฏูุณ ุฏุงุฑุฏุ https://t.co/hFjFt32ckH",Tasnimnews_Fa
226,"ุฌูููุฑ ฺฺฉ ุณูุฑ ุงุฑุงู ุฑุง ุงุญุถุงุฑ ฺฉุฑุฏ

ุงู ููพุงูุณฺฉ ูุฒุฑ ุฎุงุฑุฌู ฺฺฉ ุงุนูุงู ฺฉุฑุฏ ฺฉู ุงูุฑูุฒ ุณูุฑ ุงุฑุงู ุฑุง ุงุญุถุงุฑ ฺฉุฑุฏู ุงุณุช ุฏุฑุญุงูฺฉู ู ุนูุช ุขู ุฑุง ยซุญููู ุจู ุงุณุฑุงุฆูยป ุนููุงู ฺฉุฑุฏู ุงุณุช https://t.co/QCG43UXsC9",Tasnimnews_Fa
227,ุดูฺฉ ููุดฺฉโูุง ฺฉุฑูุฒ ุณูพุงู ุฏุฑ ุนููุงุช ยซูุนุฏู ุตุงุฏูยป https://t.co/InFw9nR94E,Tasnimnews_Fa
228,"ุงุณุฑุงุฆู ุจุนุฏ ุงุฒ ููุดฺฉุจุงุฑุงู: ุงุตูุง ูู ุฏุฑุฏ ูุฏุงุดุช!

ุฑฺู ุตูููุณุช ูุฏุน ุดุฏู ฺฉู 99ุฏุฑุตุฏ ููุดฺฉโูุง ุงุฑุงู ุฑุง ุฑูฺฏุฑ ฺฉุฑุฏู ู ููุท 1ุฏุฑุตุฏ ุงุฒ ุขโูโูุง ุจู ุงูุฏุงู ุงุตุงุจุช ฺฉุฑุฏูโุงูุฏ

ุฏุฑุญุงูฺฉู ููุท ูุฏููุง ููุชุดุฑุดุฏู ุงุฒ ุงูุฑุงุฏุนุงุฏ ุฏุฑ ุดุจ ุนููุงุช ูุดุงู ูุฏูุฏ ููุท ุฏุฑ ฺฉ ูฺฉุงู ุฎุงุต ฺูุฏุจุฑุงุจุฑ ุงู ูุฒุงู ููุดฺฉ ุงุตุงุจุช ูฺฉูุฏ https://t.co/rgLQC4k00k",Tasnimnews_Fa
229,"ุฌูุงุช ุฏุฑ ุจูุงุฑุณุชุงู ุงูุดูุงุก

ุดุจฺฉู ุงูุฌุฒุฑู ูุฏุฆู ุฌุฏุฏ ุงุฒ ฺฉุดู ูพฺฉุฑ ุดูุฏุง ููุณุทู ุฏุฑ ุจูุงุฑุณุชุงู ุงูุดูุงุก ููุชุดุฑ ฺฉุฑุฏู ุงุณุช

ูุธุงูุงู ุงุดุบุงูฺฏุฑ ุฏุฑ ุจุฏู ูุฑุด ุจู ุงู ุจูุงุฑุณุชุงูุ ุขูโูุง ุฑุง ุงุนุฏุงู ฺฉุฑุฏู ู ุฏุฑ ฺฏูุฑูุง ุฏุณุชูโุฌูุน ุฏูู ฺฉุฑุฏู ุจูุฏูุฏ https://t.co/ZtT4IHVoyS",Tasnimnews_Fa
230,"ุชุดุฏุฏ ุงุฎุชูุงูุงุช ุฏุฑ ฺฉุงุจูู ูุชุงูุงูู

ุจูโฺฏูุฑ ุฎูุงุณุชุงุฑ ุจุฑฺฉูุงุฑ ูุฒุฑ ุฌูฺฏ ุดุฏ

ุฏุฑูพ ุฏุณุชูุฑ ูุฒุฑ ุฌูฺฏ ฺฉุงุจูู ูุชุงูุงูู ุจุฑุง ุชุฎุฑุจ ฺฉ ุฑูุณุชุง ุงุณุฑุงุฆูโูุดู ุฏุฑ ูุฒุฏฺฉ ุฑุงูโุงููู ฺฉู ุทุจู ููุงูู ุงู ุฑฺู ุจู ุดฺฉู ุบุฑ ูุงููู ุณุงุฎุชู ุดุฏูุ ุจู ฺฏูุฑ ูุฒุฑ ุงููุช ุฏุงุฎู ุงุณุฑุงุฆู ุจู ุงูุชูุงุฏ ุดุฏุฏ ุงุฒ ฺฏุงูุงูุช ูพุฑุฏุงุฎุช https://t.co/MunZ8CX0Es",Tasnimnews_Fa
231,"ยซุงูุฑ ุนุจุฏยป ุจู ูุฏุงู ุจุฑูุฒ ูุฑุณุฏ

ุงูุฑ ุนุจุฏ ุฏุฑ ุฑุฏูโุจูุฏ ูุฒู ทท ฺฉููฺฏุฑู ูุณุงุจูุงุช ฺฉุดุช ูุฑูฺฏ ุจุฒุฑฺฏุณุงูุงู ููุฑูุงู ุขุณุง ููุงุจู ุงุจุฑุงฺฏู ูุงฺฏููุฏูู ููุฑูุงู ุขุณุง ุงุฒ ูุฒุงูุณุชุงู ุจุง ูุชุฌู ด ุจุฑ ณ ุดฺฉุณุช ุฎูุฑุฏ ู ูููู ุจู ฺฉุณุจ ูุฏุงู ุจุฑูุฒ ูุดุฏ https://t.co/p0ao9ZSIRq",Tasnimnews_Fa
232,"๐น  ูุงฺฏุฐุงุฑ ณณ ูุฒุงุฑ ูุณฺฉู ุจู ูุฏุฏุฌูุงู ฺฉูุชู ุงูุฏุงุฏ

ุฑุฆุณโุฌูููุฑ:

ุงูุฑูุฒ ูุฏุฏุฌู ูุงูุฏ ูุณฺฉู ุฏุฑ ฺฉูุชู ุงูุฏุงุฏ ูุฏุงุฑู ู ุงู ูุนุฏูโโ ูุญูู ุดุฏู ุฏููุช ุงุณุช

ุชููุฏ ู ุจูุฑูโุจุฑุฏุงุฑ ุงุฒ ูุณฺฉู ุจุฑุง ูุฏุฏุฌูุงู ฺฉูุชู ุงูุฏุงุฏ ูุณุจุช ุจู ุณุงู ฑดฐฑ ุงูุฒุงุด ดด ุฏุฑุตุฏ ุฏุงุดุชู ุงุณุช https://t.co/DlZBInccBS",Tasnimnews_Fa
233,"ุจุฑูุฒ ุขุณุง ุจุฑ ฺฏุฑุฏู ยซุงูุงู ูุญูุฏยป

ูุญูุฏ ุฏุฑ ุฑุฏูโุจูุฏ ูุฒู ถณ ฺฉููฺฏุฑู ูุณุงุจูุงุช ฺฉุดุช ูุฑูฺฏ ุจุฒุฑฺฏุณุงูุงู ููุฑูุงู ุขุณุง ููุงุจู ูุงุฏููฺฏ ุชุงู ุงุฒ ฺู ุจุง ูุชุฌู ฑฐ ุจุฑ ุตูุฑ ุจู ูพุฑูุฒ ุฑุณุฏ ู ูุฏุงู ุจุฑูุฒ ุฑุง ุงุฒ ุขู ุฎูุฏ ฺฉุฑุฏ

https://t.co/oNZg8dHmVM https://t.co/Ab6uXulqjs",Tasnimnews_Fa
234,"ุนููุงุช ุถุฏ ุตูููุณุช ุฏุฑ ุญูุง ุงุดุบุงู 

ฺฏุฒุงุฑุด ุงููู ุฑุณุงููโูุง ุตูููุณุช ุงุฒุนููุงุช ุฒุฑฺฏุฑ ุจุง ุฎูุฏุฑู ุฏุฑ ุญูุง ุญฺฉุงุช ุฏุงุฑุฏ

#ุงุณุฑุงุฆูู_ุณูุทุช https://t.co/9xpsVy5uQN",Tasnimnews_Fa
235,"๐น  ุญููู ุจุง ฺุงูู ุจู ฺฉุดุด ฺฉูุณุง ุขุดูุฑ ุฏุฑ ุณุฏู

ูพูุณ ุงุนูุงู ฺฉุฑุฏู ฺฉู ุงู ุงุณูู ุฏฺุงุฑ ุฌุฑุงุญุงุช ูุดุฏู ฺฉู ุฒูุฏฺฏโุงุด ุฑุง ุฏุฑ ูุนุฑุถ ุฎุทุฑ ูุฑุงุฑ ุฏูุฏ

ููฺูู ฺฉ ูุฑุฏ ุฏุฑ ุงู ุฑุงุจุทู ุชูุณุท ุงูุณุฑุงู ูพูุณ ุฏุณุชฺฏุฑ ุดุฏู ุงุณุช

ุงู ุญููู ุฏุฑุณุช ดธ ุณุงุนุช ูพุณ ุงุฒ ุญููู ุฏฺฏุฑ ุจุง ฺุงูู ุฏุฑ ุงุณุชุฑุงูุง ุงุชูุงู ุงูุชุงุฏ https://t.co/F4hC8zuXAT",Tasnimnews_Fa
236,"ุฏุณุช ยซุฏุงุฏูุฑุฒยป ุจู ุทูุง ุขุณุง ูุฑุณุฏ

ูพูุง ุฏุงุฏูุฑุฒ ุฏุฑ ููุงู ูุฒู ตต ฺฉููฺฏุฑู ูุณุงุจูุงุช ฺฉุดุช ูุฑูฺฏ ุจุฒุฑฺฏุณุงูุงู ููุฑูุงู ุขุณุง ููุงุจู ู ฺูู ุฑู ุงุฒ ฺฉุฑู ุดูุงู ุจุง ูุชุฌู น ุจุฑ ุตูุฑ ุดฺฉุณุช ุฎูุฑุฏ ู ุจู ูุฏุงู ููุฑู ุฑุณุฏ https://t.co/Uh61WU2y2M",Tasnimnews_Fa
237,"ูพุดโุจู ูููุน ุณูุงุจ ุฏุฑ ถ ุงุณุชุงู ฺฉุดูุฑ

ุณุชุงุฏ ูุฏุฑุช ุณูุงุจ ูุฒุงุฑุช ูุฑู: 

ุจุง ุชูุฌู ุจู ูุดุฏุงุฑูุง ููุงุดูุงุณ ุงุณุชุงูโูุง ุณุณุชุงู ู ุจููฺุณุชุงูุ ูุฑูุฒฺฏุงูุ ุจูุดูุฑุ ูุงุฑุณุ ฺฉุฑูุงู ู ุฒุฏ ุงุฒ ุฑูุฒ ุณูโุดูุจู ููุฑุฎ ฒธ ูุฑูุฑุฏู ุชุง ูพูุฌุดูุจู ณฐ ูุฑูุฑุฏู ูุณุชุนุฏ ูููุน ุณูุงุจ ุฎูุงููุฏ ุจูุฏ https://t.co/lV53KRRlhj",Tasnimnews_Fa
238,"๐น  ฺฏุฒุงุฑุด ุชุณูู ุฏุฑ ุฏูุดู

ุถุฑุจู ุงุฑุงู ุจู ุงุณุฑุงุฆูุ ุงูุฏุงู ฺฉู ุณูุฑโูุง ูุฏุชโูุง ุฏุฑ ุงูุชุธุงุฑ ุขู ุจูุฏูุฏ

ฺฉ ุฌูุงู ุณูุฑ: ูุง ุงุฒ ุงู ุงูุฏุงู ุงุฑุงู ุงุญุณุงุณ ุบุฑูุฑ ู ฺฉูู

ุงุฑุงู ู ุชูุงูุฏ ุจู ูุฑ ฺฉุดูุฑ ฺฉู ุงุฑุงุฏู ฺฉูุฏุ ูพููพุงุฏ ู ููุดฺฉ ุดูฺฉ ฺฉูุฏ

ุงุฑุงู ุชูุงูุง ุดูฺฉ ููุดฺฉ ุจู ุขูุฑฺฉุง ุฑุง ูู ุฏุงุฑุฏ

#ุงุณุฑุงุฆูู_ุณูุทุช https://t.co/aDMN6AREp3",Tasnimnews_Fa
239,"ยซุญ ฺฏูโูุญูุฏยป ุฏูุจุงุฑู ฺฏุฒูู ุงุตู ุชุฑุงฺฉุชูุฑ ุดุฏ 

ูพุณ ุงุฒ ุฌุฏุง ุงูุฑูุฒ ุฎูุณ ุงุฒ ุชุฑุงฺฉุชูุฑุ ุจุงุฑ ุฏฺฏุฑ ูพุฑูฺู ูุฐุงฺฉุฑู ุจุง ฺฏูโูุญูุฏ ุงุณุชุงุฑุช ุฎูุฑุฏู ู ุงู ูุฑุจ ฺฏุฒูู ุงูู ุชุจุฑุฒโูุง ุจุฑุง ููฺฉุช ุงู ุชู ุงุณุช

https://t.co/aT0qYBm5V5 https://t.co/fOxJC9Zl6D",Tasnimnews_Fa
240,"๐น  ฺฉุดุช ุฎุฑุณโูุง ููููโุง ุฏุฑ ุทุจุนุช ุณูุงุฏฺฉูู

ูพุงุงู ุฎูุงุจ ุฒูุณุชุงู ูุฏุชโูุงุณุช ุฏุฑ ุญุงุชโูุญุด ูุฑุง ุฑุณุฏู ู ุญูุงูุงุช ุฏู ุฎูุฑ ุจูุงุฑ ุดุฏูโุงูุฏุ ุชููุณ ููุง ุฑุจุน ุฏูุจุงุฑู ุฒุณุชู ุฑุง ุฏุฑ ุขููุง ูุฑูุฑ ฺฉุฑุฏู ู ุดุงุฏูุงูู ุฏุฑ ุฏุงูุงู ุทุจุนุช ุฌุณุช ู ุฎุฒ ูโฺฉููุฏ https://t.co/AT3SEbKirf",Tasnimnews_Fa
241,"๐น  ุงุฐุนุงู ฺูุฑุงู ูุตุฑ ุจู ููููุช ุญููุงุช ุงุฑุงู

ยซุณูุฑ ุฑุงุบุจยป ฺูุฑุงู ุจุงุฒูุดุณุชู ุงุฑุชุด ูุตุฑ ุฏุฑ ฺฏูุชฺฏู ุจุง RT ุนุฑุจ: ุชุงฺฉุชฺฉ ู ุชุณูุญุงุช ุงุฑุงู ุจู ุทูุฑ ูุงุจู ุชูุฌู ุชูุณุนู ุงูุชูุ ุจูุงุจุฑุงู ูพุงู ููู ุญููู ุงุฑุงู ุจู ุฏูุฑ ุงุฒ ุงุตุงุจุช ุง ุนุฏู ุงุตุงุจุชุ ููููุช ุงุฌุฑุงุณุช

#ุงุณุฑุงุฆูู_ุณูุทุช https://t.co/6NKqakLRfq",Tasnimnews_Fa
242,"ุชุนุฑูู ูพุฒุดฺฉุงู ุจุฎุด ุฏููุช ุงุนูุงู ุดุฏ

ูุฒุช ูพุฒุดฺฉ ุนููู ุฏุฑ ุจุฎุด ุฏููุช: ดด ูุฒุงุฑ ู นฐฐ ุชููุงู
ูพุฒุดฺฉุงู ู ุฏูุฏุงููพุฒุดฺฉุงู ูุชุฎุตุต: ตต ูุฒุงุฑ ู ธฐฐ ุชููุงู
ูพุฒุดฺฉุงู ููู ุชุฎุตุต: ถท ูุฒุงุฑ ู ธฐฐ ุชููุงู https://t.co/qop3GLxxRT",Tasnimnews_Fa
243,"ุนุงูู ุดูุงุฏุช ุดูุฏ ุณูุทุงูโูฺุงุฏ ุจู ููุงฺฉุช ุฑุณุฏ

ูุฑูุงูุฏู ุงูุชุธุงู ุณุณุชุงู ู ุจููฺุณุชุงู:

ูุงููุฑุงู ูพูุณ ูุฎูฺฏุงู ุนุงูู ุงู ุฌูุงุช ุฑุง ุดูุงุณุง ู ุจุง ููุงููฺฏ ูุงุฒู ุจู ูุญู ุงุนุฒุงู ุดุฏูุฏ ฺฉู ูุงุชูุ ุจุง ูุดุงูุฏู ูุฃููุฑุงูุ ุงูุฏุงู ุจู ุชุฑุงูุฏุงุฒ ุจู ุณูุช ุขูุงู ูููุฏ ฺฉู ุฏุฑ ุงูุฏุงู ูุชูุงุจู ูพูุณุ ุจู ููุงฺฉุช ุฑุณุฏ https://t.co/tGPAouFdCI",Tasnimnews_Fa
244,"๐น  ุขุฎุฑู ูุถุนุช ุงุฑุฒ ุชุฌุงุฑ

๐นุฑุฆุณ ูุฆุช ูุฏุฑู ุตุฑุงู ูู ุงุฑุงู https://t.co/IpYDEJGbda",Tasnimnews_Fa
245,"๐น  ุขุฎุฑู ูุถุนุช ูุฑฺฉุฒ ูุจุงุฏูู ุงุฑุฒ ู ุทูุง

ูุฏุฑุนุงูู ูุฑฺฉุฒ ูุจุงุฏูู ุงุฑุฒ ู ุทูุง ุงุฑุงู: ุฑูุฒ ฺฏุฐุดุชู ุจุด ุงุฒ ดฒถ ูููู ุฏูุงุฑ ุงุฑุฒ ุจุฑุง ฺฉุงูุงูุง ุงุณุงุณ ู ฺฉุดุงูุฑุฒ ู ููฺูู ุฏุงุฑู ู ุชุฌูุฒุงุช ูพุฒุดฺฉ ุฏุฑ ูุฑฺฉุฒ ูุจุงุฏูู ุงุฑุฒ ู ุทูุง ุชุงูู ุดุฏ https://t.co/3az3uTsSpr",Tasnimnews_Fa
246,"ุฏุณุชฺฏุฑ โต ูุฒุงุฑ ุฒููโุฎูุงุฑ ุฏุฑ ฺฉุดูุฑ

ูุฑูุงูุฏู ฺฏุงู ุญูุงุธุช ููุงุจุน ุทุจุน:

ฒฒูุฒุงุฑ ู ณทฐ ูฺฉุชุงุฑ ุงุฒ ุงุฑุงุถ ูู โุจู ุจุชโุงููุงู ุจุงุฒฺฏุฑุฏุงูุฏู ุดุฏ

ถ ูุฒุงุฑ ู ฑฒฐ ูพุฑููุฏู ูุงฺุงู ฺูุจ ุชุดฺฉู ู นฑ ูุฒุงุฑ ู ธนธ ุงุตูู ุฏุฑุฎุช ู ถ ูุฒุงุฑ ู ถตถ ูุชุฑูฺฉุนุจ ฺูุจ ฺฉุดู ุดุฏ

https://t.co/rLRKhxYgjt https://t.co/8r1vWD8HgX",Tasnimnews_Fa
247,"ุงูุฌุฒุฑู ุจู ููู ุงุฒ ููุงุจุน ุฏูพููุงุชฺฉ: ุงุฑุงู ุงุฒ ุทุฑู ุชุฑฺฉู ูพุงู ุฌุฏุฏ ุจุฑุง ุขูุฑฺฉุง ู ุงุฒ ุทุฑู ูุตุฑ ูู ูพุงู ูุดุฏุงุฑุขูุฒ ููู ู ุจโุณุงุจููโุง ุจุฑุง ุฑฺู ุตูููุณุช ุงุฑุณุงู ฺฉุฑุฏู ุงุณุช

ุฏุฑ ุงู ฺฏุฒุงุฑุด ุขูุฏู ฺฉู ูุถููู ูพุงูโูุง ูุดุฏุงุฑ ุงุฑุงูุ ูพุงุณุฎ ุจู ูุฑฺฏููู ูุงุฌุฑุงุฌู ุฑฺู ุงุณุฑุงุฆู ุจูุฏู ุงุณุช

#ุงุณุฑุงุฆูู_ุณูุทุช https://t.co/GJADKukUWD",Tasnimnews_Fa
248,"๐น  ฺฉ ูุงููุง ุฏุฑ ุบุฒู ุจุนุฏ ุงุฒ ถ ูุงู ุดุฑูุน ุจู ฺฉุงุฑ ฺฉุฑุฏ

ููุงุจุน ูุญู ููุณุทู ฺฏุฒุงุฑุด ุฏุงุฏูุฏ ฺฉู ุจุง ฺฉูฺฉ ุจุฑูุงูู ุฌูุงู ุบุฐุงุ ุจุนุฏ ุงุฒ ถ ูุงู ุจุฑุง ุงููู ุจุงุฑ ุจุนุฏ ุงุฒ ุขุบุงุฒ ุฌูฺฏ ุฏุฑ ุบุฒู ฺฉ ูุงููุง ุฏุฑ ููุทูู ุงูุณุฏุฑู ูุงูุน ุฏุฑ ูุฑฺฉุฒ ุดูุฑ ุบุฒู ุจุงุฒฺฏุดุง ุดุฏ ู ูุนุงูุช ุฎูุฏ ุฑุง ุงุฒุณุฑฺฏุฑูุช

#ุงุณุฑุงุฆูู_ุณูุทุช https://t.co/NmzpduLrXd",Tasnimnews_Fa
249,"ุขููุงู ุณูุฑ ุงุฑุงู ุฑุง ุงุญุถุงุฑ ฺฉุฑุฏ

ุณุฎูฺฏู ูุฒุงุฑุช ุฎุงุฑุฌู ุขููุงู ุงุนูุงู ฺฉุฑุฏ ฺฉู ุฏุฑ ูพ ุญููู ุงุฑุงู ุจู ุฑฺู ุตูููุณุชุ ฺฉุดูุฑุด ุณูุฑ ุงุฑุงู ุฏุฑ ุจุฑูู ุฑุง ุงุญุถุงุฑ ฺฉุฑุฏู ุงุณุช

#ุงุณุฑุงุฆูู_ุณูุทุช https://t.co/lzmOG5XOgb",Tasnimnews_Fa
250,"ุชูุฏุฑ ุงูุฑุนุจุฏุงูููุงู ุงุฒ ุณุฑุฏุงุฑ ุญุงุฌโุฒุงุฏู

ูุฒุฑ ุงููุฑ ุฎุงุฑุฌู ฺฉุดูุฑูุงู ุจุฑุง ุชุดฺฉุฑ ุงุฒ ุณุฑุฏุงุฑ ุญุงุฌโุฒุงุฏู ุจูโุฎุงุทุฑ ุงูุฏุงู ูุฑู ููุงูุถุง ุณูพุงู ุฏุฑ ุญููู ููุดฺฉ - ูพููพุงุฏ ุจู ููุงุถุน ุฑฺู ุตูููุณุช ุฏุณุชูโฺฏู ู ูพุงู ุชุจุฑฺฉ ุงุฑุณุงู ฺฉุฑุฏ

#ุงุณุฑุงุฆูู_ุณูุทุช https://t.co/dhsbnR8TWa",Tasnimnews_Fa
251,"๐น  ุดุจ ุขุฑุงูุด ุบุฒู ุฏุฑ ุณุงู ุนููุงุช #ูุนุฏู_ุตุงุฏู ุงุฑุงู 

ุดูุฑููุฏ ุณุงฺฉู ุบุฒู: ูพุงุณุฎ ุงุฑุงู ุฏุฑ ุฒูุงู ููุงุณุจ ุจูุฏ

ุฏุฑ ุทูู ฑธฐ ุฑูุฒ ุฌูฺฏุ ูฺ ฺฉุดูุฑ ุนุฑุจ ุงุฒ ูุง ุญูุงุช ูฺฉุฑุฏ

ูุฑุฏู ุบุฒู ุจู ูุฏุฑ ุงุฒ ูพุงุณุฎ ุงุฑุงู ุฎูุดุญุงู ุจูุฏูุฏ ฺฉู ุงูฺฏุงุฑ ุดุจ ุชุงุฑฺฉ ุดุงู ูุซู ุฑูุฒ ุฑูุดู ุดุฏู ุจูุฏ https://t.co/pWM1oDtvns",Tasnimnews_Fa
252,"๐น  ุณุฎูฺฏู ุณุงุฒูุงู ุชุนุฒุฑุงุช ุญฺฉููุช: ุงุณููพ ู ุชูพุณ ุงฺฏุฑ ูฺฏุฑุงู ุฑุงููุฏู ูุณุชูุฏ ฺฉูุณูู ฺฉูุชุฑ ุจฺฏุฑูุฏ

ุงฺฏุฑ ุจูุง ุจุฑ ูุฑ ุฏูู ุงูุฒุงุด ููุช ุฏุฑ ฺฉุฑุงูโูุง ูุฌูุฏ ุฏุงุดุชู ุจุงุดุฏ ฺฏุฑุงู ูุฑูุด ูุญุณูุจ ุดุฏู ู ุจูุงุจุฑุงู ูพุฑููุฏู ุชุดฺฉู ู ุญฺฉู ุตุงุฏุฑ ุฎูุงูุฏ ุดุฏ https://t.co/f455e71UqK",Tasnimnews_Fa
253,"๐น  ุณุฎูฺฏู ูุฒุงุฑุช ุฎุงุฑุฌู: ฺฉุดุช ุงุณุฑุงุฆู ุจู ุฏูู ููุถ ููุงูู ุชููู ุดุฏ

ุชุนูู ุงู ฺฉุดุช ุจู ุฑฺู ุตูููุณุช ูุญุฑุฒ ุงุณุช

ุงุฑุงู ุจู ุตูุฑุช ูุณุชูุฑ ุจุฑ ุงุฌุงุฏ ุฒููู ฺฉุดุชโุฑุงู ุงูู ุฏุฑ ุชูฺฏู ูุฑูุฒ ู ูพููู ุฎูุฌ ูุงุฑุณ ุชูุงุด ู ฺฉูุฏ https://t.co/pyyRWgxbwX",Tasnimnews_Fa
254,"๐น  ุณุฎูฺฏู ุชุนุฒุฑุงุช ุญฺฉููุช: ุงูุฒุงุด ููุช ุฎูุฏุฑููุง ุซุจุชโูุงู ุณุงู ฺฏุฐุดุชูุ ูุตุฏุงู ฺฏุฑุงูโูุฑูุด ุงุณุช ู ุฏุฑ ุณุงุฒูุงู ุชุนุฒุฑุงุช ุญฺฉููุช ูุงุจู ุฑุณุฏฺฏ ุงุณุช

ุจุนุฏ ุงุฒ ุฑูุน ูุดฺฉูุงุช ูพฺููพุงุฑุณุ ุชููุฏ ุขู ุงุฏุงูู ุฎูุงูุฏ ุฏุงุดุช https://t.co/CTrWfugjGF",Tasnimnews_Fa
255,"ุงุญุชูุงู ุงูุฒุงุด #ุญู_ูุณฺฉู ฺฉุงุฑฺฏุฑุงู ุฏุฑ ุฌูุณู ุงูุฑูุฒ

ุซุงุจุช ูุงูุฏู ุญู ูุณฺฉู ุฏุฑ ูุตูุจู ูุฒุฏ ฑดฐณ ุจุงุนุซ ุงุนุชุฑุงุถ ุฌุงูุนู ฺฉุงุฑฺฏุฑ ู ุงูุชูุงุฏ ุจุฎุด ุงุฒ ููุงูุฏฺฏุงู ูุฌูุณ ุดุฏู ุงุณุช

https://t.co/dw7TiwVzpZ https://t.co/R1FOxRAZk4",Tasnimnews_Fa
256,๐น  ุชุตุงูุฑ ุฌุฏุฏ ุงุฒ ุญููู ูพููพุงุฏ ุนููุงุช #ูุนุฏู_ุตุงุฏู https://t.co/0E5E56gm1W,Tasnimnews_Fa
257,"ุขุฑุงูุด ุงูุชุตุงุฏ ุจุง ููุงุด ุงูุชุฏุงุฑ ูุธุงู

ฺุฑุง ูุฑุฎ ุงุฑุฒ ฺฉุงูุด ุดุฏุ 

ุฏูุงูโูุง ู ุณูุชู ุจุงุฒุงู ฺฉู ุตุจุญ ุฏุฑูุฒ ู ุจุนุฏ ุงุฒ ูพุงุณุฎ ุงุฑุงู ุจู ุงุณุฑุงุฆู ุงูุชุธุงุฑ #ุฏูุงุฑ ทต ูุฒุงุฑ ุชููุงู ุฑุง ุฏุงุดุชูุฏุ ู ฺฏูุชูุฏ ุฏูุงุฑ ฺฉู ุตุจุญ ทฐ ุฑุง ุฑุฏ ฺฉุฑุฏ ุงูุงู ุจู ุฒูุฑ ถด ูุฒุงุฑ ุชููุงู ุฎุฑุฏ ู ูุฑูุด ูโุดูุฏ!

https://t.co/09eua5LzR7 https://t.co/GAYkdWaFcG",Tasnimnews_Fa
258,"ุชูุงูู ุชุฑุงฺฉุชูุฑ ุจุง ยซุฎูุณยป ุจุฑุง ุฌุฏุง

ุณุฑูุฑุจ ุงุณูพุงูุง ุฑูุชู ุดุฏ 

ุฎูุณ ุฏู ูุตู ุฏฺฏุฑ ุจุง ุชุฑุงฺฉุชูุฑ ูุฑุงุฑุฏุงุฏ ุฏุงุฑุฏ ู ุทุจู ุชูุงููุ ูุฑุงุฑ ุงุณุช ูุงุจู ุฑูู ูุฑุงุฑุฏุงุฏ ุงูุณุงู ุฎูุฏ (ุญุฏูุฏ ณฐฐ ูุฒุงุฑ ุฏูุงุฑ) ุฑุง ุงุฒ ุจุงุดฺฏุงู ุชุจุฑุฒ ุฏุฑุงูุช ฺฉูุฏ ู ุจู ุตูุฑุช ุชูุงูู ุงุฒ ุงู ุชู ุฌุฏุง ุดูุฏ

https://t.co/2dqDsnpnVX https://t.co/6LVJto27Fl",Tasnimnews_Fa
259,RT @Tasnimnews_he: ืขืืชืื ืืืจืฅ: ืืคืกืืื. ืืืืช ืืืืืช ืืืืืืจ.,Tasnimnews_Fa
260,"ุขูุงุฑ ุณูุฑูุง ููุฑูุฒ ู ุนุฏ ูุทุฑ ุงุนูุงู ุดุฏ

ุฑุฆุณ ุณุชุงุฏ ููุงููฺฏ ุฎุฏูุงุช ุณูุฑ:

ุงุฒ ฒด ุงุณููุฏ ฑดฐฒ ุชุง ฒด ูุฑูุฑุฏู ุงูุณุงู ถณ ูููู ู ถดท ูุฒุงุฑ ููุฑ ุดุจ ุงูุงูุช ุซุจุช ุดุฏู ุงุณุช

ุฎุฑุงุณุงู ุฑุถูุ ูุงุฒูุฏุฑุงูุ ูุฑูุฒฺฏุงูุ ฺฏูุงูุ ุงุตููุงูุ ูุงุฑุณุ ุชูุฑุงูุ ุขุฐุฑุจุงุฌุงู ุดุฑูุ ุจูุดูุฑ ู ุงุฑุฏุจู ุจู ุชุฑุชุจ ุจุดุชุฑู ุงูุงูุช ุฑุง ุฏุงุดุชูโุงูุฏ https://t.co/0Ntyd6JDuZ",Tasnimnews_Fa
261,"ุงุจูุงุบ ุนูุงุฑุถ ูุงุฑุฏุงุช ฒต ฺฉุงูุง ุงุณุงุณ

ฺฏูุฑฺฉ ุงุฑุงู ุนูุงุฑุถ ูุงุฑุฏุงุช ฒต ููู ฺฉุงูุง ุงุณุงุณ ู ุตูุนุช ุดุงูู ฺฏูุดุชุ ุฎูุฏุฑูุ ุณฺฏุงุฑุ ุบูุงุชุ ุฏุงูู ูุง ุฑูุบู ู ฺุง ุฑุง ุงุนูุงู ฺฉุฑุฏ

https://t.co/VH9XhWWZQV https://t.co/an0wSUvuDg",Tasnimnews_Fa
262,"ุฒุฎู ุดุฏู ณ ูุธุงู ุตูููุณุช

ุจุฑ ุงุณุงุณ ฺฏุฒุงุฑุดโูุง ููุชุดุฑ ุดุฏูุ ูุธุงูุงู ุตูููุณุช ููุฑุง ุจู ุจูุงุฑุณุชุงู ููุชูู ุดุฏูโุงูุฏ

#ุงุณุฑุงุฆูู_ุณูุทุช https://t.co/6TfDdJeEI0",Tasnimnews_Fa
263,"๐น  ูุชููุงู ุณุฑูุช ุจุฒุฑฺฏุฑุงู ุตุฏุฑ ุฏุฑ ุจุงุฒุณุงุฒ ุตุญูู ุฌุฑู

ูุชููุงู ฺฉู ฒฑ ูุฑูุฑุฏู ุฏุฑ ุจุฒุฑฺฏุฑุงู ุตุฏุฑ ุฒูุฑฺฏุฑ ฺฉุฑุฏู ุจูุฏูุฏ ุจุนุฏ ุงุฒ ุฏุณุชฺฏุฑ ุงูุฑูุฒ ุจุฑุง ุจุงุฒุณุงุฒ ุตุญูู ุฌุฑู ุจู ุจุฒุฑฺฏุฑุงู ุตุฏุฑ ุขูุฏูุฏ https://t.co/dv6jowt2Kl https://t.co/F7i93bWvqx",Tasnimnews_Fa
264,๐น  ูุญุธู ุฏุณุชฺฏุฑ ุณุงุฑูุงู ุจุฒุฑฺฏุฑุงู ุตุฏุฑ https://t.co/7SFqE28Bpz https://t.co/vseGp6w3ZS,Tasnimnews_Fa
265,"๐น  ุขฺูุฒ ุดุฏู ูุฒุฑุฎุงุฑุฌู ุงูฺฏูุณ ุฏุฑ ุจุฑูุงูู ุฒูุฏู ุชููุฒูู!

ฺฉุงูุฑูู: ฺฉุงุฑ ุงุฑุงู ุฏุฑ ุญููู ุจู ุงุณุฑุงุฆู ุฎุทุฑูุงฺฉ ุจูุฏ
ูุฌุฑ: ุงฺฏุฑ ฺฉุณ ฺฉูุณููฺฏุฑ ุงูฺฏูุณ ุฑุง ุจูุจุงุฑุงู ฺฉููุฏุ ูุง ฺู ฺฉุงุฑ ูโฺฉููุ

ฺฉุงูุฑูู: ุฎุจุ ูุง ฺฉ ูุงฺฉูุด ุฎู ุดุฏุฏ ูุดุงู ูโุฏูู
ูุฌุฑ: ุงุฑุงู ูโฺฏูุฏ ูุง ููุงู ฺฉุงุฑ ุฑุง ฺฉุฑุฏู

#ุงุณุฑุงุฆูู_ุณูุทุช https://t.co/oUYoQKll4L",Tasnimnews_Fa
266,"ุงูุฒุงุด ณต ุฏุฑุตุฏ ุชุนุฑููโูุง ูพุฒุดฺฉ 

ูุนุงูู ุฏุฑูุงู ูุฒุงุฑุช ุจูุฏุงุดุช:

ูุฑุฎ ูุตูุจ ุชุนุฑููโูุง ุฏุฑ ุจุฎุด ุฎุตูุต ุจุฑุง ูพุฒุดฺฉุงู ุนููู ฑฒถ ูุฒุงุฑ ุชููุงูุ ูุชุฎุตุต ฑธน ูุฒุงุฑ ุชููุงูุ ููู ุชุฎุตุต ู ูููุดุจ ฒดฑ ูุฒุงุฑ ุชููุงู ู ุฑูุงููพุฒุดฺฉ ฒตฑ ู ูพุฒุดฺฉุงู ููู ุชุฎุตุต ุฑูุงููพุฒุดฺฉฒธถ ูุฒุงุฑ ุชููุงู ุงุณุช https://t.co/K3pzFuVYQf",Tasnimnews_Fa
267,"ููู ููุชู ุงุณูุงุนู ููู ุดูุฏ ุดุฏ

ู ุฏุฎุชุฑ ุดูุฏ ูุญูุฏ ุงุณูุงุนู ููู ุงุณุช ฺฉู ุฏุฑ ุญููู ุชุฑูุฑุณ ุฑฺู ุตูููุณุช ุจู ุฎูุฏุฑู ุขูโูุง ูุฌุฑูุญ ู ุจุฎุด ูุฑุงูุจุชโูุง ูฺู ุจุณุชุฑ ุจูุฏ

#ุงุณุฑุงุฆูู_ุณูุทุช https://t.co/pBjF36cxhC",Tasnimnews_Fa
268,"ุงููู ฺฉ ฺฉุงุฑ ูุงุจ ุฏุฑ ุชูุตู ุจโฺฉูุงู ุนููุงุช ุงุฑุงู ุนูู ุงุณุฑุงุฆู

ฺฉ ุงุฏูโ ุฎู ุฎุงุตุ ุจุฑฺฏุฑูุชู ุงุฒ ุงุฏูโ ููุงุด ุจุณุงุฑ ูุดููุฑ ยซููฺฏูฺฉยป (ููุงุด ูููุฏ) ุจุง ุนููุงู ุดุจ ูพุฑุณุชุงุฑู

ููุฏ ุณุฑฺฉุงู ุดุงูฺฉุงุฑ ูุธุงู ุงููุช ู ุณุงุณ ุงุฑุงู ุฏุฑ ุนููุงุช #ูุนุฏู_ุตุงุฏู ุนูู ุฑฺู ุตูููุณุช ุฑุง ุจุง ุดุงูฺฉุงุฑ ููฺฏูฺฉ ุชูุถุญ ุฏุงุฏู ุงุณุช https://t.co/tbiLGDjKzS",Tasnimnews_Fa
269,"ุงุฏุนุง ุงุนูุงู ุชุญุฑูโูุง ุฌุฏุฏ ุงุชุญุงุฏู ุงุฑููพุง ุนูู ุงุฑุงู

ูุงููุดุงู ุชุงูุฒ ุจู ููู ุงุฒ ููุงุจุน ุขฺฏุงู ูุฏุน ุดุฏ:

ูุฒุฑุง ุฎุงุฑุฌู ุงุชุญุงุฏู ุงุฑููพุง ูุฑุงุฑ ุงุณุช ูุฑุฏุง ฺฉ ูุดุณุช ูุฏุฆู ุงุถุทุฑุงุฑ ุฏุงุดุชู ุจุงุดูุฏ ฺฉู ุจู ุจุฑูฺฉุณู ูุฑุตุช ุจุฑุง ุงุฑุฒุงุจ ุงุนูุงู ุชุญุฑูโูุง ุฌุฏุฏ ุนูู ุงุฑุงู ูโุฏูุฏ

https://t.co/TxLgJvbOVD https://t.co/k9fbv8JLLI",Tasnimnews_Fa
270,๐น  ุงุฌุชูุงุน #ูุนุฏู_ุตุงุฏู ุฏุฑ ุญุฑู ูุทูุฑ ุฑุถู https://t.co/jXbtUT4a68,Tasnimnews_Fa
271,"ูุงูุงุช #ุฎูุฏุฑููุง_ููฺฉุณ ุงุนูุงู ุดุฏ

 ุจุฑ ุงุณุงุณ ุงุญฺฉุงู ูุงูุงุช ุจูุฏุฌู ุณุงู ฑดฐณุ ุฎูุฏุฑููุง ุจุงูุง ณ ููุงุฑุฏ ู ตฐฐ ูููู ุชููุงู ูุณุจุช ุจู ูุงุฒุงุฏ ุจุฑ ุงู ูุจูุบ ูุดููู ูุงูุงุช ุณุงูุงูู ุฎูุฏุฑู ุจู ูุฑุฎ ฺฉ ุฏุฑุตุฏ ูโุดููุฏ

https://t.co/1JXbmARRhz https://t.co/dnZsvLoQFb",Tasnimnews_Fa
272,"๐น  ฺฉูุนุงู: ุนููุงุช ุชูุงูโุฌูุงูู ุงุฑุงู ฺฉุงููุง ุญุฑููโุง ุจูุฏ

#ุงุณุฑุงุฆูู_ุณูุทุช https://t.co/7NY2Qlr9sR",Tasnimnews_Fa
273,"๐น  ุณุฎูฺฏู ูุฒุงุฑุช ุฎุงุฑุฌู: ุจู ุฏูุจุงู ุชุดุฏุฏ ุชูุด ุฏุฑ ููุทูู ูุณุชู

ุงูุฏุงู ุฌูููุฑ ุงุณูุงู ุงุฑุงู ุถุฑูุฑ ู ูุชูุงุณุจ ุจูุฏ ู ุงูุฏุงู ูุธุงู ุฑุง ููุฑุฏ ูุฏู ูุฑุงุฑ ุฏุงุฏ

#ุงุณุฑุงุฆูู_ุณูุทุช https://t.co/zJnmnO4IEy",Tasnimnews_Fa
274,"ุฌูุฒู ู #ููุฑู ูุนุงู ุงุฒ ูุงูุงุช ุงุณุช

ุณุฎูฺฏู ุณุงุฒูุงู ูุงูุงุช:

ุทุจู ูุงุฏู ฑดด ุฌูุฒู ููููู ู ููุฑู ุงุนู ุงุฒ ููููู ู ุบุฑููููู ู ุงู ุขุฎุฑ ูุนุงู ุงุฒ ูุงูุงุช ุฎูุงูุฏ ุจูุฏ

ฺฉูุง ุงู ฺฉู ุงู ูุงุฏู ุงุตูุงุญ ูุดูุฏ ู ุง ุชุบุฑ ูพุฏุง ูฺฉูุฏ ุทุจุนุชุงู ููุฑู ูู ูุนุงู ุงุฒ ูุงูุงุช ุฎูุงูุฏ ุจูุฏ

https://t.co/zYk4WtJoqY https://t.co/mikSMrox5r",Tasnimnews_Fa
275,"ยซูพูุง ุฏุงุฏูุฑุฒยป ุงููู ููุงูุณุช 

ุฏุงุฏูุฑุฒ ุฏุฑ ูููโููุง ูุฒู ตต ฺฉููฺฏุฑู ูุณุงุจูุงุช ฺฉุดุช ูุฑูฺฏ ุจุฒุฑฺฏุณุงูุงู ููุฑูุงู ุขุณุง ููุงุจู ฺฉู ุงุฒ ฺฉุฑู ุฌููุจ ุจุง ูุชุฌู ณ ุจุฑ ฒ ุจู ูพุฑูุฒ ุฑุณุฏ https://t.co/AfES1Ua0EU",Tasnimnews_Fa
276,"ฺฉุณุฑ ดต ุฏุฑุตุฏ ุงุฒ ุญููู ุฏุงูุดุฌููุนููุงู ูุบู ุดุฏ

ุจุฑ ุงู ุงุณุงุณ ุฏุฑ ุตูุฑุช ุงุณุชูุงุฏู ุงุฒ ุฎุฏูุงุช ุดุจุงููโุฑูุฒ ู ุฎูุงุจฺฏุงูุ ูุจูุบ ูุฑุจูุทู ุงุฒ ุญููู ุขููุง ฺฉุณุฑ ูโุดูุฏ

#ุงุณุฑุงุฆูู_ุณูุทุช https://t.co/QXeGalhVq0",Tasnimnews_Fa
277,"ุงุณุฑุงุฆู ุฏุฑุจุงุฑู ุญููู ุจู ุงุฑุงู ุจู ุฌูุนโุจูุฏ ูุฑุณุฏ

ุฑุณุงููโูุง ุงุณุฑุงุฆู ุงุฒ ูพุงุงู ุจุฏูู ูุชุฌู ูุดุณุช ฺฉุงุจูู ุณู ููุฑู ุฌูฺฏ ุงุณุฑุงุฆู ุฏุฑุจุงุฑู ูพุงุณุฎ ุจู ุงุฑุงู ุฎุจุฑ ุฏุงุฏูุฏ

ุงู ฺฉุงุจูู ุณู ููุฑู ฺฉู ุฏู ุนุถู ูุดุงูุฑ ูู ุฏุงุฑุฏุ ูุชูุงูุณุชู ุฏุฑุจุงุฑู ุฒูุงูโุจูุฏ ู ุณุทุญ ูพุงุณุฎ ุฑฺู ุตูููุณุช ุจู ุชูุงูู ุจุฑุณุฏ

#ุงุณุฑุงุฆูู_ุณูุทุช https://t.co/vjDzwgwAhJ",Tasnimnews_Fa
278,"ุฏุงุฏุณุชุงู ุชูุฑุงู ุฏุฑ ุฑุงุณุชุง ูุธูู ูุงููู ุนุฏูู ุจุฑุง ููุงุจูู ุจุง ุจุฑููโุฒููุฏฺฏุงู ุงููุช ุฑูุงู ุฌุงูุนู ุนูู ุญุณู ุฏูุจุงุด ุงุนูุงู ุฌุฑู ฺฉุฑุฏ

ุงู ูุฑุฏ ุจุฑุง ุงุฑุงุฆู ุชูุถุญุงุช ุจู ุฏุงุฏุณุฑุง ุชูุฑุงู ุงุญุถุงุฑ ุดุฏ

ุฑูุฒ ฺฏุฐุดุชู ูุฒ ุฏุงุฏุณุชุงู ุชูุฑุงู ุนูู ุฑูุฒูุงูู ุฌูุงู ุตูุนุชุ ุฑูุฒูุงูู ุงุนุชูุงุฏ ู ุนุจุงุณ ุนุจุฏ ุงุนูุงู ุฌุฑู ฺฉุฑุฏ https://t.co/5YIVWjq7FV",Tasnimnews_Fa
279,"ุขุบุงุฒ ุงููู ุญุฑุงุฌ #ุณฺฉู ุฏุฑ ุณุงู ุฌุฏุฏ ุงุฒ ุณุงุนุช ฑฒ ุงูุฑูุฒ 

ุงููู ุญุฑุงุฌ ุจูุงุณุช ุจุง ุนุฑุถู ุชูุงู ุณฺฉูุ ูู ุณฺฉู ู ุฑุจุน ุณฺฉู ุจูุงุฑ ุขุฒุงุฏ ุถุฑุจ ุณุงู ฑณธถ ุจุงูฺฉ ูุฑฺฉุฒ ุขุบุงุฒ ุดูุฏ

https://t.co/K4i7vMfohy https://t.co/674Bh7kgZh",Tasnimnews_Fa
280,"ููุชโูุง ุฌุฏุฏ ุงุฑุฒูุง ูุจุงุฏููโุง

ุฏุฑ ูุนุงููุงุช ุงูุฑูุฒ ูุฑฺฉุฒ ูุจุงุฏูู ุทูุง ู ุงุฑุฒ ุงุฑุงูุ ูุฑ ุงุณฺฉูุงุณ #ุฏูุงุฑ ุขูุฑฺฉุง ุจู ดณูุฒุงุฑ ู ตถท ุชููุงู ู ุญูุงูู ุฏูุงุฑ ูุฒ ุจู ดฐูุฒุงุฑ ู ถดธ ุชููุงู ุฑุณุฏ

https://t.co/Y0uz8SQqGa https://t.co/wrjKEM8rjw",Tasnimnews_Fa
281,"ฺฏูุชโูฺฏู ุชููู ุงูุฑุนุจุฏุงูููุงู ุจุง  ูุงูุฑูู

ุงูุฑุนุจุฏุงูููุงู: ุงู ุงูุฏุงู ูุญุฏูุฏุ ุจุง ูุฏู ุจุงุฒุฏุงุฑูุฏฺฏุ ุชูุจู ู ูุดุฏุงุฑ ุจู ุฑฺู ุตูููุณุช ุจูุฏ

ูุงูุฑูู: ูุง ุชุฑุฏุฏ ูุฏุงุดุชู ฺฉู ุงุฑุงู ุจู ุญููุงุช ุฑฺู ุงุณุฑุงู ุจู ุจุฎุด ฺฉูุณูู ุณูุงุฑุช ุฎูุฏ ูพุงุณุฎ ุฎูุงูุฏ ุฏุงุฏ

#ุงุณุฑุงุฆูู_ุณูุทุช https://t.co/BOOOyi5SP1",Tasnimnews_Fa
282,"ุจุงุฒฺฏุดุช #ุญุณู_ุฒุฏุงู ุจู ุชุดฺฉ ุงุฒ ุงูู ุงุฑุฏุจูุดุช

ุฑุฆุณ ูุฆุช ฺฉุดุช ุงุณุชุงู ูุงุฒูุฏุฑุงู:

ุงูฺฉู ุญุณู ุฒุฏุงู ฺู ุฒูุงู ูุงุฏุฑ ุจู ูุฑูุฏ ุจู ฺุฑุฎู ู ุญุถูุฑ ุฏุฑ ุชูุฑูููุช ุจูโุงูููู ุงุณุชุ  ุจุณุชฺฏ ุจู ูุธุฑ ูพุฒุดฺฉุงู ู ุจุนุฏ ุงุฒ ุขู ูู ูุฑุจุงู ุชู ูู ุฏุงุฑุฏ

https://t.co/RYsKOO6Mlx https://t.co/GmBNqd94Tx",Tasnimnews_Fa
283,"ูุดุฏุงุฑ ฺฏุฑุงู ูุฑูุด ุฌูุฌู ฺฉ ุฑูุฒู ฺฏูุดุช!

ูุฒุงุฑุช ุฌูุงุฏ ฺฉุดุงูุฑุฒ ุฏุฑุจุงุฑู ุงูุฒุงุด ููุช ุฌูุฌู ฺฉ ุฑูุฒู ฺฏูุดุช ุจู ุงูุฌูู ูุฑุจูุทู ูุดุฏุงุฑ ู ุฎุจุฑ ุงุฒ ุจุฑุฎูุฑุฏ ุจุง ูุงุญุฏูุง ูุชุฎูู ูุฑุบ ูุงุฏุฑ ฺฏูุดุช ุฏุงุฏ

https://t.co/9B2UgvFOOp https://t.co/6ty3KjcUgw",Tasnimnews_Fa
284,"ุฑูุฒูุงูู ูุนุงุฑู ุฑฺู ุตูููุณุช: ุงุฑุงู ุจุง ุนููุงูุช ูุทูู ุนูู ูโฺฉูุฏ

ูุง ุจุงุฏ ุงุฒ ุฏุฑุงุช ุงุฑุงู ุฏุฑุณ ุจฺฏุฑู

ุงุฑุงู ูุฏุชโูุง ูุจู ุงุฒ ุงู ุญููู ูพุฑูุฒ ุดุฏู ุจูุฏ ู ูพุงุณุฎ ุขู ุจู ุงุณุฑุงุฆู ุงููุช ููุงุฏู ุฏุงุดุช

#ุงุณุฑุงุฆูู_ุณูุทุช https://t.co/EVwQ8NrcJ6",Tasnimnews_Fa
285,ุชูุฏุฑ ุฏุฎุชุฑ ุดูุฏ ุญุงุฌ ุฑุญู ุงุฒ ุนููุงุช #ูุนุฏู_ุตุงุฏู https://t.co/H0XVFMuHB7,Tasnimnews_Fa
286,"ูุนุฏ ุงูุตุงุฏู

ุฏุฑ ุณุญุฑฺฏุงู ุงูุฑูุฒ ุจุง ุชูุฌู ุจู ุณู ูุญฺฉู ุณูพุงู ูพุงุณุฏุงุฑุงู ุงูููุงุจ ุงุณูุงู ุจู ุฑฺู ุบุงุตุจ ุตูููุณุช ุงุฒ ุฌุฏุฏุชุฑู ุฏูุงุฑูฺฏุงุฑู ูุฏุงู ููุนุตุฑ (ุนุฌ) ุฑูููุง ุดุฏ

#ุงุณุฑุงุฆูู_ุณูุทุช https://t.co/dsosM4cdpQ",Tasnimnews_Fa
287,"๐น  ุชูุณุฎุฑ ุงุฏุนุง ุฑูฺฏุฑ นน ุฏุฑุตุฏ ููุดฺฉโูุง ุงุฑุงู

ุงุฏุนุง ุฑูฺฏุฑ นน ุฏุฑุตุฏ ู ุฒุฎูโ ุดุฏู ฺฉ ฺฉูุฏฺฉ ฺฉู ุชูุณุท ุฑฺู ุงุณุฑุงุฆู ูพูุณุชู ุชฺฉุฑุงุฑ ูโุดูุฏ ุขููุฏุฑ ูุถุญฺฉ ุงุณุช ฺฉู ุญุช ฺฉุงุฑุดูุงุณ ู ุชุญููฺฏุฑ BBC ูุงุฑุณ ูุฒ ุขู ุฑุง ุจู ุณุฎุฑู ูโฺฏุฑุฏ

#ุงุณุฑุงุฆู_ุณูุทุช https://t.co/Zjr00Kxtge",Tasnimnews_Fa
288,"๐น  ุดุนุฑุฎูุงู ูุงุณู ุตุฑุงูุงู ุฏุฑ ุฑุซุง ุดูุฏ ุทูุฑุงู ููุฏู 

ููุงููฺฏ ยซุงุฑุงู ููุฏูยป ุจุง ุงุฌุฑุง ูุงุณู ุตุฑุงูุงู ุงุฏุจูุฏ ุญุงุฌ ุญุณู ุทูุฑุงู ููุฏู ฺฉู ุชูุณุท ุฎุจุฑฺฏุฒุงุฑ ุชุณูู ุชููุฏ ุดุฏู ุงุณุช

#ุงุณุฑุงุฆู_ุณูุทุช https://t.co/p9zhAPg7fu",Tasnimnews_Fa
289,"ุงููู ุฑูุฒ ูุงุณุงูู ููุง ุชูุฑุงู ุฏุฑ ฑดฐณ

ุดุงุฎุต ฺฉูุช ููุง ุชูุฑุงู ุจุง ูุฑุงุฑฺฏุฑูุชู ุฑู ุนุฏุฏ ฑฑน ุจุฑุง ุงูููโุจุงุฑ ุงุฒ ุขุบุงุฒ ุงูุณุงู ุฏุฑ ุดุฑุงุท ูุงุณุงูู ุจุฑุง ฺฏุฑููโูุง ุญุณุงุณ ูุฑุงุฑ ฺฏุฑูุช

#ุขููุฏฺฏ_ููุง https://t.co/y2KtRljkT6",Tasnimnews_Fa
290,"ุฑุง ูพุฑููุฏู ฺฉุซุฑุงูุดุงฺฉ ยซฺฉูฺฏโูุงูยป ุตุงุฏุฑ ุดุฏ

ุฑุฆุณ ฺฉู ุฏุงุฏฺฏุณุชุฑ ุงุณุชุงู ุชูุฑุงู:

ุณู ููุฑ ุงุฒ ุงุดุฎุงุต ุญูู ุจู ุญุจุณโูุง ุทููโุงููุฏุช ูุญฺฉูู ุดุฏูุฏ ู ุดุฑฺฉุช ยซุจุงุฏุฑุงู ฺฏุณุชุฑุงูยป ุจู ููููุนุช ุงุฒ ูุนุงูุช ุดุบู ุจุง ุงุณุชูุงุฏู ุงุฒ ูุฑ ฺฏููู ุฑูุฒุงุฑุฒ ุจู ูุฏุช ุฏู ุณุงู ูุญฺฉูู ุดุฏ https://t.co/3mmUGmXdLw",Tasnimnews_Fa
291,"ุงุณุชุฑุฏุงุฏ ูุฌู ูพุฑูุงุฒูุง ุจุงุทูโุดุฏู ุจุฏูู ฺฉุณุฑ ุฌุฑูู

ุณุงุฒูุงู ููุงูพูุง:

ุจูุช ูุณุงูุฑุงู ฺฉู ูพุฑูุงุฒ ุขููุง ุจุงุทู ุดุฏู ุงูุง ูุณุงูุฑ ุงุฒ ุงูุฌุงู ูพุฑูุงุฒ ุงูุตุฑุงู ูุฏุงุฏู ู ูุตุฏ ุงูุฌุงู ูุณุงูุฑุช ุฑุง ุฏุงุฑุฏ ุจุงุฏ ุจุง ุชูุฌู ุจู ุธุฑูุช ุฎุงู ุตูุฏู ูพุฑูุงุฒ ุฏุฑ ููุงู ฺฉุงุจู ุจูุช ุตุงุฏุฑ ุดูุฏ

https://t.co/kbWOZgXLOx https://t.co/t8nlJRc8zx",Tasnimnews_Fa
292,"๐น  ุชุฌูุน ุงุตููุงูโูุง ุฏุฑ ุญูุงุช ุงุฒ ุนููุงุช ูุนุฏู ุตุงุฏู

ูุฑุฏู ุงุตููุงู ุจุง ุญูุงุช ุงุฒ ุนููุงุช ยซูุนุฏู ุตุงุฏูยป ุณูพุงู ุฏุฑ ูพุงุณุฎ ุจู ุญููู ุฑฺู ุตูููุณุช ุจู ุจุฎุด ฺฉูุณูู ุณูุงุฑุช ุงุฑุงู ุงุฌุชูุงุน ฺฉุฑุฏูุฏ

#ุงุณุฑุงุฆู_ุณูุทุช https://t.co/UPGJEHWWOz",Tasnimnews_Fa
293,"๐น  ุงุธูุงุฑุงุช ุดูุฏู ูุฒุฑ ุฑฺู ูพููู

ุฌูุงุฏ ุฎุงุฏู ูุนุงู ุณุงุณ ุงูพูุฒุณูู ู ูุฒุฑ ุฑฺู ูพููู:

ููู ูููุฏูุฏ ฺฉู ุจุง ุงุฑุงู ุจู ุฑูุจุฑ ุขุชโุงููู ุฎุงูููโุง ููโุชูุงู ุดูุฎ ฺฉุฑุฏ!

ุขูฺู ูุณููู ุงุณุช ุชููุง ฺฉุดูุฑ ูุฏุฑุชููุฏ ููุทููุ ุงุฑุงู ุงุณุช ู ูุงุบุฑ!

#ุงุณุฑุงุฆู_ุณูุทุช https://t.co/ySB9EvMOct",Tasnimnews_Fa
294,"๐น  ูุฏุฑุฏุงู ูุฑุฏู ุฒูุฌุงู ุงุฒ ุญููู ููุดู ุจู ุงุณุฑุงุฆู

ูุฑุฏู ุฒูุฌุงู ุจุง ูุฏุฑุฏุงู ุงุฒ ุณูพุงู ูพุงุณุฏุงุฑุงู ุฏุฑ ุญููู ููุดฺฉ ู ุงูุชูุงู ุงุฒ ุงุณุฑุงุฆูโูุงุ ุญูุงุช ุฎูุฏ ุฑุง โุงุฒ ุงู ุญููู ฺฉูุจูุฏู ุณูพุงูโ ุงุนูุงู ฺฉุฑุฏูุฏโ

#ุงุณุฑุงุฆู_ุณูุทุช https://t.co/frG0qta5XG",Tasnimnews_Fa
295,"ูุฏุฑุช ุฎุฑุฏ ฺฉุงุฑฺฏุฑุงู ุจุง ุงูุฒุงุด ณตูช ูุฒุฏ ุจุงูุง ูุฑูุช

ุจุงุฒุฑุณ ูุฌูุน ุนุงู ููุงูุฏฺฏุงู ฺฉุงุฑฺฏุฑุงู:

ูุฒูู ุณุจุฏ ูุนุดุช ุจุงุฏ ุฏุฑ ฺฉุดูุฑ ูู ุจู ุฑูุด ูุงูฺฏู ุณุงุฏู ุจูฺฉู ุจู ุฑูุด ฺฉุงุฑุดูุงุณโุชุฑ ูุญุงุณุจู ุดูุฏ

ุณุจุฏ ูุนุดุช ุฏุฑ ุดูุฑูุง ุจุฒุฑฺฏ ุจูุงุณุทู ุณูู ุจุงูุง ุจุฎุด ูุณฺฉู ู ุญููโูููู ูุณุจุช ุจู ุดูุฑูุง ูุชูุณุท ู ฺฉูฺฺฉ ุจุงูุงุชุฑ ุงุณุช https://t.co/W8fiCTk8hL",Tasnimnews_Fa
296,"๏ทฝ                             

ุฌุฒ ููุด ุชู ุฏุฑ ูุธุฑ ูุงูุฏ ูุง ุฑุง               
ุฌุฒ ฺฉู ุชู ุฑูฺฏุฐุฑ ูุงูุฏ ูุง ุฑุง                              

ุงููุณููููฐุงูู ุนูููฺฉ ูฐุง ุนููู ุงุจููู ูููุณู ุงูุฑููุถูฐุง (ุนููู ุงูุณูุงู)         
#ููุช_ุณูุงู https://t.co/fTyMHaBEc9",Tasnimnews_Fa
297,"ูุบู ูุญุฏูุฏุช ูพุฑูุงุฒูุง ูุฑูุฏฺฏุงู ุงูุงู ู ููุฑุขุจุงุฏ 

ุฑูุงุจุท ุนููู ุดูุฑ ูุฑูุฏฺฏุงู ุงูุงู ุฎูู (ุฑู):

ูุณุงูุฑุงู ุจุฑุง ุฏุฑุงูุช ุจูุช ุฌุงฺฏุฒู ูพุฑูุงุฒูุง ุจุงุทู ุดุฏู ุจู ูุฑฺฉุฒ ูพุงุณุฎฺฏู ุดุฑฺฉุช ููุงูพูุง ูุฑุจูุทู ุง ูพุดุชุจุงู ูุญู ุชูู ุจูุช ุชูุงุณ ุจฺฏุฑูุฏ

https://t.co/BZYyjYknuL https://t.co/mJBIVE4p4e",Tasnimnews_Fa
298,"ุงุณุฑุงุฆู ุญูุงูุช ฺฉุฑุฏ ฺฉู ุจู ฺฉูุณููฺฏุฑ ุงุฑุงู ุญููู  ฺฉุฑุฏุ ุงููุง ุขููุง ุญุช ุฏุฑ ุณุงุณุช ูู ุจูุงูุช ูพุดู ฺฉุฑุฏูโุงูุฏ

ูุงุจ ูุงูุฏฺฏุงุฑ ฺฉู ุงุณุฑุงุฆู ุจุงุฏ ุฏุฑ ูุงูุน ูููโ ุชูุงุดุด ุฑุง ุจู ฺฉุงุฑ ุจฺฏุฑุฏ ฺฉู ฺฉุณ ุขู ุฑุง ูุจูุฏุ ุฏุฑ ููุงุจู ุฏูโูุง ู ุดุงุฏ ุตุฏูุง ููููโ ุจููุฏู ุจุฑ ุฏุณุช ฺฏุฑูุชูโุงูุฏ ู ุงูุชุฎุงุฑุงุช ุงุฑุงู ุฑุง ุชฺฉูู ูโฺฉููุฏ!",Tasnimnews_Fa
299,ุฏุฑ ุขู ุดุจ ุชุงุฑุฎุ ุงุฑุงู ูพููพุงุฏูุง ู ููุดฺฉูุงุด ุฑุง ุงุฒ ูุฑุงุฒ ฺฉุฑุจูุง ู  ุจุชโุงูููุฏุณ ุนุจูุฑ ุฏุงุฏ ู ุจุฑ ุณุฑ ุชุงุณุณุงุช ู ูพุงฺฏุงูโูุง ุตูููุณุชโูุง ูุฑูุขูุฑุฏุ ููููโูุง ู ุดุงุฏ ููุงุฑุฏูุง ุงูุณุงู ุงู ุตุญููโูุง ุฑุง ุฏุฏูุฏ ู ูุณููุงูโูุง ูฺฉ ูโุฏุงููุฏ ฺฉู ุฑูุฒ ูุฏุณ ุดุฑู ุจุง ููู ููุงููุชโูุง ุงู ุดุงุกุงููู ุขุฒุงุฏ ุฎูุงูุฏ ุดุฏ,Tasnimnews_Fa
